timestamp,building_id,energy_kwh
2025-01-01 00:00:00,B001,3.24
2025-01-01 01:00:00,B001,3.08
2025-01-01 02:00:00,B001,2.92
2025-01-01 03:00:00,B001,2.81
2025-01-01 04:00:00,B001,2.38
2025-01-01 05:00:00,B001,2.49
2025-01-01 06:00:00,B001,2.07
2025-01-01 07:00:00,B001,1.84
2025-01-01 08:00:00,B001,2.34
2025-01-01 09:00:00,B001,5.08
2025-01-01 10:00:00,B001,8.34
2025-01-01 11:00:00,B001,8.27
2025-01-01 12:00:00,B001,8.35
2025-01-01 13:00:00,B001,8.81
2025-01-01 14:00:00,B001,8.13
2025-01-01 15:00:00,B001,6.82
2025-01-01 16:00:00,B001,6.83
2025-01-01 17:00:00,B001,4.24
2025-01-01 18:00:00,B001,3.79
2025-01-01 19:00:00,B001,2.05
2025-01-01 20:00:00,B001,2.16
2025-01-01 21:00:00,B001,2.62
2025-01-01 22:00:00,B001,2.68
2025-01-01 23:00:00,B001,2.78
2025-01-02 00:00:00,B001,2.43
2025-01-02 01:00:00,B001,2.75
2025-01-02 02:00:00,B001,2.47
2025-01-02 03:00:00,B001,2.32
2025-01-02 04:00:00,B001,2.15
2025-01-02 05:00:00,B001,2.34
2025-01-02 06:00:00,B001,2.23
2025-01-02 07:00:00,B001,1.89
2025-01-02 08:00:00,B001,2.23
2025-01-02 09:00:00,B001,5.17
2025-01-02 10:00:00,B001,9.49
2025-01-02 11:00:00,B001,8.03
2025-01-02 12:00:00,B001,9.19
2025-01-02 13:00:00,B001,9.12
2025-01-02 14:00:00,B001,8.78
2025-01-02 15:00:00,B001,7.37
2025-01-02 16:00:00,B001,7.37
2025-01-02 17:00:00,B001,4.61
2025-01-02 18:00:00,B001,4.39
2025-01-02 19:00:00,B001,2.5
2025-01-02 20:00:00,B001,2.15
2025-01-02 21:00:00,B001,2.62
2025-01-02 22:00:00,B001,2.43
2025-01-02 23:00:00,B001,2.5
2025-01-03 00:00:00,B001,2.58
2025-01-03 01:00:00,B001,2.96
2025-01-03 02:00:00,B001,2.7
2025-01-03 03:00:00,B001,3.02
2025-01-03 04:00:00,B001,2.42
2025-01-03 05:00:00,B001,2.02
2025-01-03 06:00:00,B001,2.01
2025-01-03 07:00:00,B001,1.89
2025-01-03 08:00:00,B001,2.54
2025-01-03 09:00:00,B001,4.55
2025-01-03 10:00:00,B001,8.17
2025-01-03 11:00:00,B001,7.29
2025-01-03 12:00:00,B001,8.14
2025-01-03 13:00:00,B001,6.81
2025-01-03 14:00:00,B001,7.94
2025-01-03 15:00:00,B001,6.84
2025-01-03 16:00:00,B001,6.52
2025-01-03 17:00:00,B001,3.82
2025-01-03 18:00:00,B001,4.64
2025-01-03 19:00:00,B001,2.46
2025-01-03 20:00:00,B001,2.47
2025-01-03 21:00:00,B001,2.41
2025-01-03 22:00:00,B001,2.34
2025-01-03 23:00:00,B001,2.72
2025-01-04 00:00:00,B001,3.09
2025-01-04 01:00:00,B001,2.84
2025-01-04 02:00:00,B001,2.77
2025-01-04 03:00:00,B001,2.43
2025-01-04 04:00:00,B001,2.17
2025-01-04 05:00:00,B001,2.22
2025-01-04 06:00:00,B001,2.39
2025-01-04 07:00:00,B001,2.09
2025-01-04 08:00:00,B001,2.43
2025-01-04 09:00:00,B001,2.46
2025-01-04 10:00:00,B001,2.34
2025-01-04 11:00:00,B001,2.77
2025-01-04 12:00:00,B001,2.56
2025-01-04 13:00:00,B001,2.74
2025-01-04 14:00:00,B001,2.8
2025-01-04 15:00:00,B001,2.48
2025-01-04 16:00:00,B001,1.97
2025-01-04 17:00:00,B001,2.27
2025-01-04 18:00:00,B001,1.93
2025-01-04 19:00:00,B001,2.17
2025-01-04 20:00:00,B001,2.36
2025-01-04 21:00:00,B001,2.5
2025-01-04 22:00:00,B001,2.53
2025-01-04 23:00:00,B001,2.84
2025-01-05 00:00:00,B001,2.88
2025-01-05 01:00:00,B001,3.04
2025-01-05 02:00:00,B001,2.23
2025-01-05 03:00:00,B001,2.75
2025-01-05 04:00:00,B001,2.2
2025-01-05 05:00:00,B001,2.37
2025-01-05 06:00:00,B001,2.14
2025-01-05 07:00:00,B001,2.17
2025-01-05 08:00:00,B001,2.36
2025-01-05 09:00:00,B001,2.82
2025-01-05 10:00:00,B001,3.19
2025-01-05 11:00:00,B001,2.79
2025-01-05 12:00:00,B001,3.06
2025-01-05 13:00:00,B001,3.01
2025-01-05 14:00:00,B001,2.74
2025-01-05 15:00:00,B001,2.18
2025-01-05 16:00:00,B001,2.6
2025-01-05 17:00:00,B001,2.13
2025-01-05 18:00:00,B001,1.9
2025-01-05 19:00:00,B001,2.1
2025-01-05 20:00:00,B001,2.02
2025-01-05 21:00:00,B001,2.73
2025-01-05 22:00:00,B001,3.06
2025-01-05 23:00:00,B001,2.57
2025-01-06 00:00:00,B001,2.75
2025-01-06 01:00:00,B001,2.94
2025-01-06 02:00:00,B001,2.83
2025-01-06 03:00:00,B001,2.3
2025-01-06 04:00:00,B001,2.27
2025-01-06 05:00:00,B001,2.43
2025-01-06 06:00:00,B001,1.97
2025-01-06 07:00:00,B001,2.55
2025-01-06 08:00:00,B001,2.38
2025-01-06 09:00:00,B001,4.91
2025-01-06 10:00:00,B001,9.05
2025-01-06 11:00:00,B001,9.58
2025-01-06 12:00:00,B001,9.6
2025-01-06 13:00:00,B001,9.26
2025-01-06 14:00:00,B001,8.49
2025-01-06 15:00:00,B001,7.82
2025-01-06 16:00:00,B001,6.52
2025-01-06 17:00:00,B001,4.31
2025-01-06 18:00:00,B001,4.43
2025-01-06 19:00:00,B001,2.3
2025-01-06 20:00:00,B001,2.3
2025-01-06 21:00:00,B001,2.75
2025-01-06 22:00:00,B001,2.43
2025-01-06 23:00:00,B001,2.97
2025-01-07 00:00:00,B001,2.89
2025-01-07 01:00:00,B001,3.22
2025-01-07 02:00:00,B001,2.73
2025-01-07 03:00:00,B001,2.53
2025-01-07 04:00:00,B001,2.77
2025-01-07 05:00:00,B001,2.55
2025-01-07 06:00:00,B001,2.0
2025-01-07 07:00:00,B001,2.25
2025-01-07 08:00:00,B001,2.62
2025-01-07 09:00:00,B001,5.07
2025-01-07 10:00:00,B001,8.63
2025-01-07 11:00:00,B001,8.69
2025-01-07 12:00:00,B001,8.61
2025-01-07 13:00:00,B001,8.33
2025-01-07 14:00:00,B001,8.1
2025-01-07 15:00:00,B001,8.7
2025-01-07 16:00:00,B001,8.03
2025-01-07 17:00:00,B001,4.58
2025-01-07 18:00:00,B001,4.15
2025-01-07 19:00:00,B001,2.17
2025-01-07 20:00:00,B001,2.59
2025-01-07 21:00:00,B001,2.86
2025-01-07 22:00:00,B001,2.38
2025-01-07 23:00:00,B001,2.49
2025-01-08 00:00:00,B001,3.03
2025-01-08 01:00:00,B001,3.4
2025-01-08 02:00:00,B001,2.82
2025-01-08 03:00:00,B001,2.9
2025-01-08 04:00:00,B001,2.44
2025-01-08 05:00:00,B001,1.98
2025-01-08 06:00:00,B001,1.92
2025-01-08 07:00:00,B001,1.93
2025-01-08 08:00:00,B001,2.34
2025-01-08 09:00:00,B001,6.3
2025-01-08 10:00:00,B001,8.6
2025-01-08 11:00:00,B001,7.64
2025-01-08 12:00:00,B001,8.25
2025-01-08 13:00:00,B001,8.69
2025-01-08 14:00:00,B001,8.35
2025-01-08 15:00:00,B001,9.17
2025-01-08 16:00:00,B001,7.9
2025-01-08 17:00:00,B001,4.56
2025-01-08 18:00:00,B001,4.21
2025-01-08 19:00:00,B001,2.33
2025-01-08 20:00:00,B001,2.15
2025-01-08 21:00:00,B001,2.47
2025-01-08 22:00:00,B001,2.6
2025-01-08 23:00:00,B001,2.99
2025-01-09 00:00:00,B001,2.88
2025-01-09 01:00:00,B001,3.01
2025-01-09 02:00:00,B001,2.91
2025-01-09 03:00:00,B001,2.63
2025-01-09 04:00:00,B001,2.62
2025-01-09 05:00:00,B001,2.24
2025-01-09 06:00:00,B001,1.97
2025-01-09 07:00:00,B001,2.33
2025-01-09 08:00:00,B001,2.3
2025-01-09 09:00:00,B001,5.3
2025-01-09 10:00:00,B001,8.36
2025-01-09 11:00:00,B001,9.4
2025-01-09 12:00:00,B001,9.59
2025-01-09 13:00:00,B001,8.82
2025-01-09 14:00:00,B001,9.07
2025-01-09 15:00:00,B001,7.63
2025-01-09 16:00:00,B001,6.15
2025-01-09 17:00:00,B001,4.56
2025-01-09 18:00:00,B001,4.39
2025-01-09 19:00:00,B001,2.35
2025-01-09 20:00:00,B001,2.26
2025-01-09 21:00:00,B001,3.04
2025-01-09 22:00:00,B001,2.7
2025-01-09 23:00:00,B001,2.42
2025-01-10 00:00:00,B001,3.29
2025-01-10 01:00:00,B001,2.67
2025-01-10 02:00:00,B001,2.52
2025-01-10 03:00:00,B001,2.82
2025-01-10 04:00:00,B001,1.98
2025-01-10 05:00:00,B001,2.29
2025-01-10 06:00:00,B001,2.07
2025-01-10 07:00:00,B001,2.24
2025-01-10 08:00:00,B001,2.32
2025-01-10 09:00:00,B001,4.74
2025-01-10 10:00:00,B001,8.68
2025-01-10 11:00:00,B001,7.87
2025-01-10 12:00:00,B001,8.76
2025-01-10 13:00:00,B001,8.43
2025-01-10 14:00:00,B001,8.19
2025-01-10 15:00:00,B001,6.56
2025-01-10 16:00:00,B001,6.99
2025-01-10 17:00:00,B001,3.87
2025-01-10 18:00:00,B001,4.26
2025-01-10 19:00:00,B001,2.23
2025-01-10 20:00:00,B001,2.29
2025-01-10 21:00:00,B001,2.08
2025-01-10 22:00:00,B001,2.68
2025-01-10 23:00:00,B001,2.76
2025-01-11 00:00:00,B001,3.13
2025-01-11 01:00:00,B001,2.69
2025-01-11 02:00:00,B001,3.09
2025-01-11 03:00:00,B001,2.76
2025-01-11 04:00:00,B001,2.21
2025-01-11 05:00:00,B001,1.89
2025-01-11 06:00:00,B001,1.78
2025-01-11 07:00:00,B001,2.19
2025-01-11 08:00:00,B001,2.67
2025-01-11 09:00:00,B001,2.58
2025-01-11 10:00:00,B001,2.57
2025-01-11 11:00:00,B001,3.09
2025-01-11 12:00:00,B001,2.73
2025-01-11 13:00:00,B001,2.91
2025-01-11 14:00:00,B001,2.98
2025-01-11 15:00:00,B001,2.45
2025-01-11 16:00:00,B001,2.27
2025-01-11 17:00:00,B001,2.01
2025-01-11 18:00:00,B001,2.17
2025-01-11 19:00:00,B001,2.32
2025-01-11 20:00:00,B001,2.53
2025-01-11 21:00:00,B001,2.24
2025-01-11 22:00:00,B001,2.61
2025-01-11 23:00:00,B001,3.2
2025-01-12 00:00:00,B001,3.05
2025-01-12 01:00:00,B001,2.95
2025-01-12 02:00:00,B001,2.46
2025-01-12 03:00:00,B001,2.61
2025-01-12 04:00:00,B001,2.21
2025-01-12 05:00:00,B001,2.12
2025-01-12 06:00:00,B001,1.8
2025-01-12 07:00:00,B001,2.07
2025-01-12 08:00:00,B001,2.1
2025-01-12 09:00:00,B001,2.75
2025-01-12 10:00:00,B001,2.95
2025-01-12 11:00:00,B001,2.73
2025-01-12 12:00:00,B001,2.74
2025-01-12 13:00:00,B001,2.53
2025-01-12 14:00:00,B001,3.28
2025-01-12 15:00:00,B001,2.65
2025-01-12 16:00:00,B001,2.38
2025-01-12 17:00:00,B001,2.17
2025-01-12 18:00:00,B001,2.37
2025-01-12 19:00:00,B001,2.18
2025-01-12 20:00:00,B001,2.51
2025-01-12 21:00:00,B001,2.46
2025-01-12 22:00:00,B001,2.82
2025-01-12 23:00:00,B001,3.21
2025-01-13 00:00:00,B001,2.76
2025-01-13 01:00:00,B001,2.71
2025-01-13 02:00:00,B001,2.78
2025-01-13 03:00:00,B001,2.16
2025-01-13 04:00:00,B001,2.17
2025-01-13 05:00:00,B001,2.1
2025-01-13 06:00:00,B001,1.83
2025-01-13 07:00:00,B001,2.18
2025-01-13 08:00:00,B001,2.28
2025-01-13 09:00:00,B001,5.21
2025-01-13 10:00:00,B001,8.26
2025-01-13 11:00:00,B001,8.69
2025-01-13 12:00:00,B001,8.2
2025-01-13 13:00:00,B001,7.3
2025-01-13 14:00:00,B001,8.04
2025-01-13 15:00:00,B001,7.35
2025-01-13 16:00:00,B001,6.99
2025-01-13 17:00:00,B001,4.69
2025-01-13 18:00:00,B001,4.18
2025-01-13 19:00:00,B001,2.49
2025-01-13 20:00:00,B001,2.36
2025-01-13 21:00:00,B001,2.71
2025-01-13 22:00:00,B001,2.81
2025-01-13 23:00:00,B001,2.68
2025-01-14 00:00:00,B001,2.66
2025-01-14 01:00:00,B001,2.84
2025-01-14 02:00:00,B001,2.44
2025-01-14 03:00:00,B001,2.02
2025-01-14 04:00:00,B001,2.46
2025-01-14 05:00:00,B001,2.61
2025-01-14 06:00:00,B001,1.93
2025-01-14 07:00:00,B001,2.62
2025-01-14 08:00:00,B001,2.31
2025-01-14 09:00:00,B001,5.93
2025-01-14 10:00:00,B001,8.54
2025-01-14 11:00:00,B001,7.88
2025-01-14 12:00:00,B001,7.4
2025-01-14 13:00:00,B001,7.67
2025-01-14 14:00:00,B001,8.93
2025-01-14 15:00:00,B001,8.5
2025-01-14 16:00:00,B001,5.56
2025-01-14 17:00:00,B001,4.56
2025-01-14 18:00:00,B001,4.65
2025-01-14 19:00:00,B001,2.34
2025-01-14 20:00:00,B001,2.55
2025-01-14 21:00:00,B001,2.47
2025-01-14 22:00:00,B001,2.59
2025-01-14 23:00:00,B001,2.28
2025-01-15 00:00:00,B001,3.2
2025-01-15 01:00:00,B001,2.65
2025-01-15 02:00:00,B001,2.52
2025-01-15 03:00:00,B001,2.64
2025-01-15 04:00:00,B001,2.24
2025-01-15 05:00:00,B001,2.34
2025-01-15 06:00:00,B001,2.13
2025-01-15 07:00:00,B001,1.84
2025-01-15 08:00:00,B001,2.58
2025-01-15 09:00:00,B001,5.0
2025-01-15 10:00:00,B001,8.02
2025-01-15 11:00:00,B001,7.86
2025-01-15 12:00:00,B001,7.62
2025-01-15 13:00:00,B001,7.53
2025-01-15 14:00:00,B001,8.28
2025-01-15 15:00:00,B001,6.92
2025-01-15 16:00:00,B001,7.06
2025-01-15 17:00:00,B001,5.09
2025-01-15 18:00:00,B001,4.35
2025-01-15 19:00:00,B001,1.9
2025-01-15 20:00:00,B001,2.69
2025-01-15 21:00:00,B001,2.66
2025-01-15 22:00:00,B001,2.77
2025-01-15 23:00:00,B001,2.59
2025-01-16 00:00:00,B001,2.99
2025-01-16 01:00:00,B001,2.77
2025-01-16 02:00:00,B001,2.97
2025-01-16 03:00:00,B001,2.71
2025-01-16 04:00:00,B001,2.75
2025-01-16 05:00:00,B001,2.34
2025-01-16 06:00:00,B001,2.19
2025-01-16 07:00:00,B001,2.42
2025-01-16 08:00:00,B001,2.17
2025-01-16 09:00:00,B001,4.75
2025-01-16 10:00:00,B001,7.53
2025-01-16 11:00:00,B001,8.73
2025-01-16 12:00:00,B001,9.36
2025-01-16 13:00:00,B001,8.46
2025-01-16 14:00:00,B001,8.36
2025-01-16 15:00:00,B001,7.58
2025-01-16 16:00:00,B001,7.47
2025-01-16 17:00:00,B001,3.89
2025-01-16 18:00:00,B001,4.66
2025-01-16 19:00:00,B001,2.17
2025-01-16 20:00:00,B001,2.15
2025-01-16 21:00:00,B001,2.81
2025-01-16 22:00:00,B001,2.75
2025-01-16 23:00:00,B001,2.96
2025-01-17 00:00:00,B001,2.9
2025-01-17 01:00:00,B001,2.86
2025-01-17 02:00:00,B001,2.42
2025-01-17 03:00:00,B001,2.84
2025-01-17 04:00:00,B001,2.43
2025-01-17 05:00:00,B001,2.13
2025-01-17 06:00:00,B001,2.11
2025-01-17 07:00:00,B001,1.95
2025-01-17 08:00:00,B001,2.57
2025-01-17 09:00:00,B001,5.03
2025-01-17 10:00:00,B001,8.37
2025-01-17 11:00:00,B001,8.42
2025-01-17 12:00:00,B001,9.63
2025-01-17 13:00:00,B001,8.78
2025-01-17 14:00:00,B001,7.77
2025-01-17 15:00:00,B001,7.64
2025-01-17 16:00:00,B001,7.31
2025-01-17 17:00:00,B001,5.36
2025-01-17 18:00:00,B001,4.37
2025-01-17 19:00:00,B001,2.32
2025-01-17 20:00:00,B001,2.18
2025-01-17 21:00:00,B001,2.65
2025-01-17 22:00:00,B001,2.88
2025-01-17 23:00:00,B001,2.87
2025-01-18 00:00:00,B001,3.22
2025-01-18 01:00:00,B001,2.78
2025-01-18 02:00:00,B001,3.26
2025-01-18 03:00:00,B001,2.76
2025-01-18 04:00:00,B001,2.7
2025-01-18 05:00:00,B001,1.89
2025-01-18 06:00:00,B001,1.96
2025-01-18 07:00:00,B001,2.24
2025-01-18 08:00:00,B001,2.11
2025-01-18 09:00:00,B001,2.94
2025-01-18 10:00:00,B001,2.47
2025-01-18 11:00:00,B001,2.83
2025-01-18 12:00:00,B001,2.88
2025-01-18 13:00:00,B001,2.75
2025-01-18 14:00:00,B001,2.63
2025-01-18 15:00:00,B001,2.56
2025-01-18 16:00:00,B001,2.53
2025-01-18 17:00:00,B001,2.44
2025-01-18 18:00:00,B001,2.29
2025-01-18 19:00:00,B001,1.87
2025-01-18 20:00:00,B001,2.16
2025-01-18 21:00:00,B001,3.21
2025-01-18 22:00:00,B001,3.02
2025-01-18 23:00:00,B001,2.7
2025-01-19 00:00:00,B001,2.85
2025-01-19 01:00:00,B001,2.98
2025-01-19 02:00:00,B001,2.56
2025-01-19 03:00:00,B001,2.19
2025-01-19 04:00:00,B001,2.5
2025-01-19 05:00:00,B001,1.93
2025-01-19 06:00:00,B001,2.19
2025-01-19 07:00:00,B001,2.14
2025-01-19 08:00:00,B001,2.51
2025-01-19 09:00:00,B001,2.57
2025-01-19 10:00:00,B001,2.86
2025-01-19 11:00:00,B001,3.1
2025-01-19 12:00:00,B001,2.94
2025-01-19 13:00:00,B001,2.92
2025-01-19 14:00:00,B001,2.27
2025-01-19 15:00:00,B001,2.52
2025-01-19 16:00:00,B001,2.05
2025-01-19 17:00:00,B001,2.42
2025-01-19 18:00:00,B001,1.75
2025-01-19 19:00:00,B001,2.03
2025-01-19 20:00:00,B001,2.03
2025-01-19 21:00:00,B001,2.89
2025-01-19 22:00:00,B001,2.92
2025-01-19 23:00:00,B001,2.66
2025-01-20 00:00:00,B001,2.84
2025-01-20 01:00:00,B001,2.82
2025-01-20 02:00:00,B001,3.02
2025-01-20 03:00:00,B001,2.62
2025-01-20 04:00:00,B001,2.3
2025-01-20 05:00:00,B001,2.22
2025-01-20 06:00:00,B001,2.13
2025-01-20 07:00:00,B001,2.58
2025-01-20 08:00:00,B001,2.36
2025-01-20 09:00:00,B001,4.93
2025-01-20 10:00:00,B001,9.36
2025-01-20 11:00:00,B001,7.86
2025-01-20 12:00:00,B001,10.11
2025-01-20 13:00:00,B001,8.81
2025-01-20 14:00:00,B001,7.89
2025-01-20 15:00:00,B001,9.39
2025-01-20 16:00:00,B001,7.74
2025-01-20 17:00:00,B001,4.97
2025-01-20 18:00:00,B001,3.86
2025-01-20 19:00:00,B001,2.12
2025-01-20 20:00:00,B001,2.37
2025-01-20 21:00:00,B001,2.43
2025-01-20 22:00:00,B001,2.34
2025-01-20 23:00:00,B001,2.61
2025-01-21 00:00:00,B001,3.08
2025-01-21 01:00:00,B001,2.83
2025-01-21 02:00:00,B001,2.54
2025-01-21 03:00:00,B001,2.84
2025-01-21 04:00:00,B001,2.2
2025-01-21 05:00:00,B001,2.1
2025-01-21 06:00:00,B001,1.92
2025-01-21 07:00:00,B001,1.86
2025-01-21 08:00:00,B001,2.34
2025-01-21 09:00:00,B001,5.1
2025-01-21 10:00:00,B001,7.05
2025-01-21 11:00:00,B001,8.81
2025-01-21 12:00:00,B001,7.63
2025-01-21 13:00:00,B001,8.34
2025-01-21 14:00:00,B001,7.86
2025-01-21 15:00:00,B001,7.6
2025-01-21 16:00:00,B001,7.31
2025-01-21 17:00:00,B001,3.9
2025-01-21 18:00:00,B001,4.02
2025-01-21 19:00:00,B001,2.26
2025-01-21 20:00:00,B001,2.73
2025-01-21 21:00:00,B001,2.35
2025-01-21 22:00:00,B001,2.79
2025-01-21 23:00:00,B001,2.83
2025-01-22 00:00:00,B001,2.85
2025-01-22 01:00:00,B001,2.77
2025-01-22 02:00:00,B001,3.49
2025-01-22 03:00:00,B001,2.07
2025-01-22 04:00:00,B001,2.05
2025-01-22 05:00:00,B001,2.34
2025-01-22 06:00:00,B001,2.02
2025-01-22 07:00:00,B001,2.13
2025-01-22 08:00:00,B001,2.54
2025-01-22 09:00:00,B001,4.98
2025-01-22 10:00:00,B001,9.16
2025-01-22 11:00:00,B001,7.89
2025-01-22 12:00:00,B001,6.37
2025-01-22 13:00:00,B001,8.53
2025-01-22 14:00:00,B001,7.69
2025-01-22 15:00:00,B001,7.09
2025-01-22 16:00:00,B001,7.18
2025-01-22 17:00:00,B001,4.92
2025-01-22 18:00:00,B001,4.23
2025-01-22 19:00:00,B001,2.21
2025-01-22 20:00:00,B001,2.26
2025-01-22 21:00:00,B001,2.5
2025-01-22 22:00:00,B001,2.78
2025-01-22 23:00:00,B001,2.78
2025-01-23 00:00:00,B001,3.01
2025-01-23 01:00:00,B001,2.85
2025-01-23 02:00:00,B001,2.89
2025-01-23 03:00:00,B001,2.42
2025-01-23 04:00:00,B001,2.77
2025-01-23 05:00:00,B001,2.44
2025-01-23 06:00:00,B001,2.19
2025-01-23 07:00:00,B001,2.21
2025-01-23 08:00:00,B001,3.15
2025-01-23 09:00:00,B001,5.81
2025-01-23 10:00:00,B001,8.65
2025-01-23 11:00:00,B001,8.37
2025-01-23 12:00:00,B001,8.83
2025-01-23 13:00:00,B001,8.1
2025-01-23 14:00:00,B001,8.42
2025-01-23 15:00:00,B001,7.14
2025-01-23 16:00:00,B001,7.08
2025-01-23 17:00:00,B001,4.56
2025-01-23 18:00:00,B001,4.04
2025-01-23 19:00:00,B001,2.24
2025-01-23 20:00:00,B001,2.44
2025-01-23 21:00:00,B001,2.6
2025-01-23 22:00:00,B001,2.76
2025-01-23 23:00:00,B001,2.93
2025-01-24 00:00:00,B001,2.69
2025-01-24 01:00:00,B001,3.48
2025-01-24 02:00:00,B001,3.04
2025-01-24 03:00:00,B001,2.49
2025-01-24 04:00:00,B001,2.42
2025-01-24 05:00:00,B001,2.2
2025-01-24 06:00:00,B001,2.18
2025-01-24 07:00:00,B001,2.59
2025-01-24 08:00:00,B001,2.53
2025-01-24 09:00:00,B001,4.71
2025-01-24 10:00:00,B001,7.65
2025-01-24 11:00:00,B001,9.05
2025-01-24 12:00:00,B001,7.32
2025-01-24 13:00:00,B001,9.1
2025-01-24 14:00:00,B001,7.43
2025-01-24 15:00:00,B001,7.65
2025-01-24 16:00:00,B001,6.81
2025-01-24 17:00:00,B001,4.01
2025-01-24 18:00:00,B001,4.67
2025-01-24 19:00:00,B001,2.44
2025-01-24 20:00:00,B001,2.53
2025-01-24 21:00:00,B001,2.64
2025-01-24 22:00:00,B001,2.77
2025-01-24 23:00:00,B001,2.67
2025-01-25 00:00:00,B001,2.44
2025-01-25 01:00:00,B001,2.66
2025-01-25 02:00:00,B001,3.16
2025-01-25 03:00:00,B001,2.81
2025-01-25 04:00:00,B001,2.21
2025-01-25 05:00:00,B001,2.09
2025-01-25 06:00:00,B001,2.25
2025-01-25 07:00:00,B001,2.07
2025-01-25 08:00:00,B001,2.4
2025-01-25 09:00:00,B001,2.64
2025-01-25 10:00:00,B001,2.22
2025-01-25 11:00:00,B001,2.5
2025-01-25 12:00:00,B001,3.05
2025-01-25 13:00:00,B001,2.44
2025-01-25 14:00:00,B001,2.67
2025-01-25 15:00:00,B001,2.36
2025-01-25 16:00:00,B001,2.36
2025-01-25 17:00:00,B001,2.07
2025-01-25 18:00:00,B001,2.12
2025-01-25 19:00:00,B001,2.17
2025-01-25 20:00:00,B001,2.25
2025-01-25 21:00:00,B001,2.46
2025-01-25 22:00:00,B001,2.8
2025-01-25 23:00:00,B001,3.04
2025-01-26 00:00:00,B001,2.72
2025-01-26 01:00:00,B001,3.04
2025-01-26 02:00:00,B001,2.63
2025-01-26 03:00:00,B001,2.57
2025-01-26 04:00:00,B001,2.35
2025-01-26 05:00:00,B001,2.02
2025-01-26 06:00:00,B001,1.89
2025-01-26 07:00:00,B001,1.87
2025-01-26 08:00:00,B001,2.25
2025-01-26 09:00:00,B001,2.67
2025-01-26 10:00:00,B001,2.61
2025-01-26 11:00:00,B001,2.72
2025-01-26 12:00:00,B001,2.89
2025-01-26 13:00:00,B001,2.5
2025-01-26 14:00:00,B001,2.74
2025-01-26 15:00:00,B001,2.33
2025-01-26 16:00:00,B001,2.82
2025-01-26 17:00:00,B001,1.85
2025-01-26 18:00:00,B001,2.4
2025-01-26 19:00:00,B001,2.21
2025-01-26 20:00:00,B001,2.32
2025-01-26 21:00:00,B001,2.75
2025-01-26 22:00:00,B001,2.58
2025-01-26 23:00:00,B001,2.97
2025-01-27 00:00:00,B001,2.86
2025-01-27 01:00:00,B001,2.57
2025-01-27 02:00:00,B001,2.59
2025-01-27 03:00:00,B001,2.91
2025-01-27 04:00:00,B001,2.24
2025-01-27 05:00:00,B001,2.13
2025-01-27 06:00:00,B001,2.38
2025-01-27 07:00:00,B001,2.04
2025-01-27 08:00:00,B001,2.55
2025-01-27 09:00:00,B001,4.59
2025-01-27 10:00:00,B001,8.23
2025-01-27 11:00:00,B001,8.0
2025-01-27 12:00:00,B001,9.91
2025-01-27 13:00:00,B001,8.84
2025-01-27 14:00:00,B001,8.51
2025-01-27 15:00:00,B001,8.51
2025-01-27 16:00:00,B001,6.48
2025-01-27 17:00:00,B001,4.28
2025-01-27 18:00:00,B001,3.92
2025-01-27 19:00:00,B001,2.12
2025-01-27 20:00:00,B001,2.5
2025-01-27 21:00:00,B001,2.75
2025-01-27 22:00:00,B001,2.81
2025-01-27 23:00:00,B001,2.72
2025-01-28 00:00:00,B001,3.33
2025-01-28 01:00:00,B001,2.68
2025-01-28 02:00:00,B001,2.46
2025-01-28 03:00:00,B001,2.58
2025-01-28 04:00:00,B001,2.48
2025-01-28 05:00:00,B001,2.12
2025-01-28 06:00:00,B001,2.15
2025-01-28 07:00:00,B001,1.96
2025-01-28 08:00:00,B001,1.98
2025-01-28 09:00:00,B001,4.98
2025-01-28 10:00:00,B001,7.18
2025-01-28 11:00:00,B001,8.6
2025-01-28 12:00:00,B001,8.88
2025-01-28 13:00:00,B001,8.55
2025-01-28 14:00:00,B001,8.76
2025-01-28 15:00:00,B001,7.05
2025-01-28 16:00:00,B001,6.75
2025-01-28 17:00:00,B001,4.31
2025-01-28 18:00:00,B001,4.3
2025-01-28 19:00:00,B001,1.95
2025-01-28 20:00:00,B001,2.19
2025-01-28 21:00:00,B001,2.4
2025-01-28 22:00:00,B001,2.55
2025-01-28 23:00:00,B001,3.01
2025-01-29 00:00:00,B001,2.7
2025-01-29 01:00:00,B001,2.98
2025-01-29 02:00:00,B001,2.69
2025-01-29 03:00:00,B001,2.46
2025-01-29 04:00:00,B001,2.59
2025-01-29 05:00:00,B001,1.97
2025-01-29 06:00:00,B001,1.96
2025-01-29 07:00:00,B001,2.12
2025-01-29 08:00:00,B001,2.49
2025-01-29 09:00:00,B001,6.17
2025-01-29 10:00:00,B001,9.29
2025-01-29 11:00:00,B001,7.62
2025-01-29 12:00:00,B001,7.83
2025-01-29 13:00:00,B001,8.17
2025-01-29 14:00:00,B001,7.38
2025-01-29 15:00:00,B001,8.17
2025-01-29 16:00:00,B001,5.62
2025-01-29 17:00:00,B001,4.89
2025-01-29 18:00:00,B001,4.6
2025-01-29 19:00:00,B001,2.03
2025-01-29 20:00:00,B001,2.48
2025-01-29 21:00:00,B001,2.27
2025-01-29 22:00:00,B001,3.03
2025-01-29 23:00:00,B001,2.87
2025-01-30 00:00:00,B001,2.72
2025-01-30 01:00:00,B001,3.13
2025-01-30 02:00:00,B001,2.82
2025-01-30 03:00:00,B001,2.46
2025-01-30 04:00:00,B001,2.38
2025-01-30 05:00:00,B001,2.03
2025-01-30 06:00:00,B001,2.06
2025-01-30 07:00:00,B001,2.51
2025-01-30 08:00:00,B001,2.42
2025-01-30 09:00:00,B001,5.08
2025-01-30 10:00:00,B001,8.79
2025-01-30 11:00:00,B001,8.28
2025-01-30 12:00:00,B001,8.96
2025-01-30 13:00:00,B001,8.58
2025-01-30 14:00:00,B001,8.94
2025-01-30 15:00:00,B001,8.07
2025-01-30 16:00:00,B001,7.07
2025-01-30 17:00:00,B001,4.25
2025-01-30 18:00:00,B001,4.19
2025-01-30 19:00:00,B001,2.47
2025-01-30 20:00:00,B001,2.69
2025-01-30 21:00:00,B001,2.8
2025-01-30 22:00:00,B001,2.67
2025-01-30 23:00:00,B001,2.39
2025-01-31 00:00:00,B001,2.95
2025-01-31 01:00:00,B001,3.44
2025-01-31 02:00:00,B001,2.66
2025-01-31 03:00:00,B001,2.37
2025-01-31 04:00:00,B001,2.53
2025-01-31 05:00:00,B001,2.34
2025-01-31 06:00:00,B001,1.91
2025-01-31 07:00:00,B001,1.9
2025-01-31 08:00:00,B001,2.33
2025-01-31 09:00:00,B001,5.24
2025-01-31 10:00:00,B001,8.1
2025-01-31 11:00:00,B001,7.81
2025-01-31 12:00:00,B001,8.81
2025-01-31 13:00:00,B001,8.59
2025-01-31 14:00:00,B001,9.94
2025-01-31 15:00:00,B001,7.77
2025-01-31 16:00:00,B001,8.62
2025-01-31 17:00:00,B001,4.13
2025-01-31 18:00:00,B001,3.94
2025-01-31 19:00:00,B001,2.03
2025-01-31 20:00:00,B001,2.09
2025-01-31 21:00:00,B001,2.27
2025-01-31 22:00:00,B001,2.68
2025-01-31 23:00:00,B001,2.65
2025-01-01 00:00:00,B002,5.7
2025-01-01 01:00:00,B002,4.96
2025-01-01 02:00:00,B002,5.39
2025-01-01 03:00:00,B002,4.6
2025-01-01 04:00:00,B002,4.14
2025-01-01 05:00:00,B002,4.39
2025-01-01 06:00:00,B002,3.62
2025-01-01 07:00:00,B002,3.73
2025-01-01 08:00:00,B002,8.42
2025-01-01 09:00:00,B002,15.1
2025-01-01 10:00:00,B002,16.19
2025-01-01 11:00:00,B002,17.12
2025-01-01 12:00:00,B002,15.22
2025-01-01 13:00:00,B002,17.86
2025-01-01 14:00:00,B002,16.02
2025-01-01 15:00:00,B002,12.08
2025-01-01 16:00:00,B002,7.87
2025-01-01 17:00:00,B002,8.7
2025-01-01 18:00:00,B002,4.0
2025-01-01 19:00:00,B002,3.77
2025-01-01 20:00:00,B002,4.57
2025-01-01 21:00:00,B002,5.14
2025-01-01 22:00:00,B002,4.91
2025-01-01 23:00:00,B002,5.32
2025-01-02 00:00:00,B002,4.74
2025-01-02 01:00:00,B002,5.49
2025-01-02 02:00:00,B002,5.51
2025-01-02 03:00:00,B002,4.51
2025-01-02 04:00:00,B002,4.11
2025-01-02 05:00:00,B002,4.82
2025-01-02 06:00:00,B002,3.96
2025-01-02 07:00:00,B002,3.85
2025-01-02 08:00:00,B002,8.93
2025-01-02 09:00:00,B002,13.6
2025-01-02 10:00:00,B002,17.36
2025-01-02 11:00:00,B002,15.72
2025-01-02 12:00:00,B002,16.61
2025-01-02 13:00:00,B002,16.98
2025-01-02 14:00:00,B002,17.44
2025-01-02 15:00:00,B002,14.0
2025-01-02 16:00:00,B002,10.17
2025-01-02 17:00:00,B002,8.78
2025-01-02 18:00:00,B002,4.1
2025-01-02 19:00:00,B002,4.13
2025-01-02 20:00:00,B002,4.2
2025-01-02 21:00:00,B002,5.05
2025-01-02 22:00:00,B002,4.91
2025-01-02 23:00:00,B002,4.94
2025-01-03 00:00:00,B002,5.05
2025-01-03 01:00:00,B002,6.22
2025-01-03 02:00:00,B002,5.3
2025-01-03 03:00:00,B002,5.68
2025-01-03 04:00:00,B002,4.32
2025-01-03 05:00:00,B002,3.21
2025-01-03 06:00:00,B002,3.83
2025-01-03 07:00:00,B002,3.83
2025-01-03 08:00:00,B002,9.76
2025-01-03 09:00:00,B002,14.11
2025-01-03 10:00:00,B002,15.64
2025-01-03 11:00:00,B002,15.4
2025-01-03 12:00:00,B002,14.8
2025-01-03 13:00:00,B002,13.74
2025-01-03 14:00:00,B002,16.83
2025-01-03 15:00:00,B002,12.31
2025-01-03 16:00:00,B002,8.97
2025-01-03 17:00:00,B002,8.33
2025-01-03 18:00:00,B002,4.34
2025-01-03 19:00:00,B002,4.33
2025-01-03 20:00:00,B002,4.78
2025-01-03 21:00:00,B002,4.74
2025-01-03 22:00:00,B002,4.31
2025-01-03 23:00:00,B002,5.1
2025-01-04 00:00:00,B002,5.61
2025-01-04 01:00:00,B002,5.33
2025-01-04 02:00:00,B002,5.83
2025-01-04 03:00:00,B002,5.04
2025-01-04 04:00:00,B002,4.62
2025-01-04 05:00:00,B002,3.83
2025-01-04 06:00:00,B002,4.68
2025-01-04 07:00:00,B002,4.02
2025-01-04 08:00:00,B002,4.63
2025-01-04 09:00:00,B002,4.36
2025-01-04 10:00:00,B002,4.72
2025-01-04 11:00:00,B002,4.93
2025-01-04 12:00:00,B002,5.09
2025-01-04 13:00:00,B002,5.49
2025-01-04 14:00:00,B002,5.17
2025-01-04 15:00:00,B002,4.67
2025-01-04 16:00:00,B002,4.09
2025-01-04 17:00:00,B002,4.15
2025-01-04 18:00:00,B002,3.55
2025-01-04 19:00:00,B002,3.87
2025-01-04 20:00:00,B002,4.41
2025-01-04 21:00:00,B002,4.28
2025-01-04 22:00:00,B002,5.41
2025-01-04 23:00:00,B002,5.48
2025-01-05 00:00:00,B002,5.36
2025-01-05 01:00:00,B002,5.27
2025-01-05 02:00:00,B002,4.91
2025-01-05 03:00:00,B002,5.4
2025-01-05 04:00:00,B002,4.91
2025-01-05 05:00:00,B002,4.21
2025-01-05 06:00:00,B002,3.86
2025-01-05 07:00:00,B002,3.46
2025-01-05 08:00:00,B002,5.18
2025-01-05 09:00:00,B002,5.02
2025-01-05 10:00:00,B002,5.6
2025-01-05 11:00:00,B002,5.44
2025-01-05 12:00:00,B002,5.22
2025-01-05 13:00:00,B002,5.13
2025-01-05 14:00:00,B002,5.35
2025-01-05 15:00:00,B002,4.36
2025-01-05 16:00:00,B002,4.98
2025-01-05 17:00:00,B002,4.1
2025-01-05 18:00:00,B002,3.77
2025-01-05 19:00:00,B002,3.76
2025-01-05 20:00:00,B002,4.26
2025-01-05 21:00:00,B002,4.94
2025-01-05 22:00:00,B002,5.61
2025-01-05 23:00:00,B002,5.29
2025-01-06 00:00:00,B002,5.08
2025-01-06 01:00:00,B002,5.64
2025-01-06 02:00:00,B002,5.56
2025-01-06 03:00:00,B002,3.98
2025-01-06 04:00:00,B002,3.81
2025-01-06 05:00:00,B002,4.55
2025-01-06 06:00:00,B002,3.61
2025-01-06 07:00:00,B002,5.08
2025-01-06 08:00:00,B002,8.04
2025-01-06 09:00:00,B002,15.02
2025-01-06 10:00:00,B002,16.07
2025-01-06 11:00:00,B002,17.68
2025-01-06 12:00:00,B002,17.01
2025-01-06 13:00:00,B002,16.16
2025-01-06 14:00:00,B002,16.59
2025-01-06 15:00:00,B002,15.49
2025-01-06 16:00:00,B002,8.69
2025-01-06 17:00:00,B002,7.69
2025-01-06 18:00:00,B002,3.94
2025-01-06 19:00:00,B002,4.91
2025-01-06 20:00:00,B002,3.8
2025-01-06 21:00:00,B002,5.17
2025-01-06 22:00:00,B002,4.41
2025-01-06 23:00:00,B002,5.73
2025-01-07 00:00:00,B002,5.52
2025-01-07 01:00:00,B002,5.33
2025-01-07 02:00:00,B002,4.72
2025-01-07 03:00:00,B002,5.45
2025-01-07 04:00:00,B002,4.95
2025-01-07 05:00:00,B002,4.14
2025-01-07 06:00:00,B002,3.65
2025-01-07 07:00:00,B002,4.73
2025-01-07 08:00:00,B002,9.07
2025-01-07 09:00:00,B002,15.72
2025-01-07 10:00:00,B002,13.77
2025-01-07 11:00:00,B002,15.4
2025-01-07 12:00:00,B002,15.69
2025-01-07 13:00:00,B002,17.86
2025-01-07 14:00:00,B002,15.54
2025-01-07 15:00:00,B002,16.38
2025-01-07 16:00:00,B002,9.47
2025-01-07 17:00:00,B002,8.55
2025-01-07 18:00:00,B002,3.83
2025-01-07 19:00:00,B002,4.18
2025-01-07 20:00:00,B002,4.74
2025-01-07 21:00:00,B002,4.86
2025-01-07 22:00:00,B002,4.7
2025-01-07 23:00:00,B002,4.72
2025-01-08 00:00:00,B002,5.33
2025-01-08 01:00:00,B002,6.32
2025-01-08 02:00:00,B002,5.44
2025-01-08 03:00:00,B002,4.96
2025-01-08 04:00:00,B002,4.33
2025-01-08 05:00:00,B002,4.23
2025-01-08 06:00:00,B002,3.43
2025-01-08 07:00:00,B002,3.96
2025-01-08 08:00:00,B002,7.9
2025-01-08 09:00:00,B002,16.42
2025-01-08 10:00:00,B002,15.14
2025-01-08 11:00:00,B002,12.87
2025-01-08 12:00:00,B002,16.03
2025-01-08 13:00:00,B002,17.75
2025-01-08 14:00:00,B002,15.1
2025-01-08 15:00:00,B002,15.56
2025-01-08 16:00:00,B002,9.66
2025-01-08 17:00:00,B002,7.99
2025-01-08 18:00:00,B002,4.18
2025-01-08 19:00:00,B002,4.31
2025-01-08 20:00:00,B002,5.09
2025-01-08 21:00:00,B002,4.26
2025-01-08 22:00:00,B002,4.59
2025-01-08 23:00:00,B002,4.89
2025-01-09 00:00:00,B002,5.18
2025-01-09 01:00:00,B002,5.69
2025-01-09 02:00:00,B002,5.67
2025-01-09 03:00:00,B002,5.2
2025-01-09 04:00:00,B002,5.17
2025-01-09 05:00:00,B002,4.69
2025-01-09 06:00:00,B002,3.54
2025-01-09 07:00:00,B002,4.45
2025-01-09 08:00:00,B002,8.47
2025-01-09 09:00:00,B002,14.83
2025-01-09 10:00:00,B002,16.61
2025-01-09 11:00:00,B002,16.52
2025-01-09 12:00:00,B002,17.56
2025-01-09 13:00:00,B002,16.87
2025-01-09 14:00:00,B002,17.09
2025-01-09 15:00:00,B002,14.22
2025-01-09 16:00:00,B002,7.82
2025-01-09 17:00:00,B002,8.61
2025-01-09 18:00:00,B002,3.91
2025-01-09 19:00:00,B002,3.69
2025-01-09 20:00:00,B002,4.19
2025-01-09 21:00:00,B002,5.44
2025-01-09 22:00:00,B002,5.39
2025-01-09 23:00:00,B002,4.44
2025-01-10 00:00:00,B002,6.12
2025-01-10 01:00:00,B002,5.19
2025-01-10 02:00:00,B002,4.83
2025-01-10 03:00:00,B002,4.68
2025-01-10 04:00:00,B002,3.99
2025-01-10 05:00:00,B002,4.42
2025-01-10 06:00:00,B002,3.89
2025-01-10 07:00:00,B002,4.73
2025-01-10 08:00:00,B002,7.41
2025-01-10 09:00:00,B002,15.41
2025-01-10 10:00:00,B002,16.41
2025-01-10 11:00:00,B002,14.75
2025-01-10 12:00:00,B002,14.11
2025-01-10 13:00:00,B002,14.93
2025-01-10 14:00:00,B002,16.22
2025-01-10 15:00:00,B002,13.85
2025-01-10 16:00:00,B002,7.84
2025-01-10 17:00:00,B002,7.42
2025-01-10 18:00:00,B002,4.09
2025-01-10 19:00:00,B002,4.75
2025-01-10 20:00:00,B002,4.17
2025-01-10 21:00:00,B002,3.83
2025-01-10 22:00:00,B002,4.65
2025-01-10 23:00:00,B002,5.06
2025-01-11 00:00:00,B002,6.11
2025-01-11 01:00:00,B002,4.72
2025-01-11 02:00:00,B002,5.41
2025-01-11 03:00:00,B002,5.53
2025-01-11 04:00:00,B002,4.08
2025-01-11 05:00:00,B002,3.75
2025-01-11 06:00:00,B002,3.71
2025-01-11 07:00:00,B002,4.46
2025-01-11 08:00:00,B002,4.41
2025-01-11 09:00:00,B002,5.41
2025-01-11 10:00:00,B002,4.85
2025-01-11 11:00:00,B002,5.95
2025-01-11 12:00:00,B002,6.2
2025-01-11 13:00:00,B002,5.92
2025-01-11 14:00:00,B002,5.22
2025-01-11 15:00:00,B002,4.5
2025-01-11 16:00:00,B002,4.23
2025-01-11 17:00:00,B002,4.09
2025-01-11 18:00:00,B002,4.23
2025-01-11 19:00:00,B002,4.52
2025-01-11 20:00:00,B002,4.6
2025-01-11 21:00:00,B002,4.39
2025-01-11 22:00:00,B002,5.34
2025-01-11 23:00:00,B002,5.65
2025-01-12 00:00:00,B002,5.9
2025-01-12 01:00:00,B002,5.32
2025-01-12 02:00:00,B002,4.86
2025-01-12 03:00:00,B002,4.65
2025-01-12 04:00:00,B002,4.92
2025-01-12 05:00:00,B002,4.03
2025-01-12 06:00:00,B002,3.85
2025-01-12 07:00:00,B002,4.02
2025-01-12 08:00:00,B002,3.9
2025-01-12 09:00:00,B002,5.06
2025-01-12 10:00:00,B002,4.91
2025-01-12 11:00:00,B002,5.84
2025-01-12 12:00:00,B002,4.54
2025-01-12 13:00:00,B002,5.26
2025-01-12 14:00:00,B002,5.97
2025-01-12 15:00:00,B002,4.65
2025-01-12 16:00:00,B002,4.3
2025-01-12 17:00:00,B002,4.19
2025-01-12 18:00:00,B002,4.44
2025-01-12 19:00:00,B002,3.99
2025-01-12 20:00:00,B002,4.63
2025-01-12 21:00:00,B002,5.74
2025-01-12 22:00:00,B002,5.2
2025-01-12 23:00:00,B002,6.26
2025-01-13 00:00:00,B002,5.49
2025-01-13 01:00:00,B002,5.65
2025-01-13 02:00:00,B002,4.9
2025-01-13 03:00:00,B002,4.04
2025-01-13 04:00:00,B002,4.33
2025-01-13 05:00:00,B002,3.99
2025-01-13 06:00:00,B002,3.87
2025-01-13 07:00:00,B002,4.41
2025-01-13 08:00:00,B002,8.95
2025-01-13 09:00:00,B002,14.32
2025-01-13 10:00:00,B002,15.76
2025-01-13 11:00:00,B002,16.65
2025-01-13 12:00:00,B002,14.97
2025-01-13 13:00:00,B002,13.35
2025-01-13 14:00:00,B002,14.17
2025-01-13 15:00:00,B002,15.04
2025-01-13 16:00:00,B002,9.35
2025-01-13 17:00:00,B002,7.54
2025-01-13 18:00:00,B002,3.52
2025-01-13 19:00:00,B002,4.37
2025-01-13 20:00:00,B002,4.52
2025-01-13 21:00:00,B002,5.88
2025-01-13 22:00:00,B002,5.35
2025-01-13 23:00:00,B002,5.13
2025-01-14 00:00:00,B002,5.48
2025-01-14 01:00:00,B002,5.39
2025-01-14 02:00:00,B002,4.67
2025-01-14 03:00:00,B002,3.97
2025-01-14 04:00:00,B002,4.24
2025-01-14 05:00:00,B002,4.55
2025-01-14 06:00:00,B002,3.68
2025-01-14 07:00:00,B002,4.44
2025-01-14 08:00:00,B002,9.0
2025-01-14 09:00:00,B002,15.83
2025-01-14 10:00:00,B002,15.83
2025-01-14 11:00:00,B002,16.06
2025-01-14 12:00:00,B002,14.89
2025-01-14 13:00:00,B002,15.1
2025-01-14 14:00:00,B002,15.83
2025-01-14 15:00:00,B002,13.73
2025-01-14 16:00:00,B002,6.68
2025-01-14 17:00:00,B002,8.21
2025-01-14 18:00:00,B002,3.92
2025-01-14 19:00:00,B002,4.32
2025-01-14 20:00:00,B002,4.85
2025-01-14 21:00:00,B002,4.57
2025-01-14 22:00:00,B002,5.63
2025-01-14 23:00:00,B002,3.88
2025-01-15 00:00:00,B002,5.97
2025-01-15 01:00:00,B002,4.89
2025-01-15 02:00:00,B002,4.68
2025-01-15 03:00:00,B002,4.46
2025-01-15 04:00:00,B002,4.7
2025-01-15 05:00:00,B002,3.91
2025-01-15 06:00:00,B002,3.87
2025-01-15 07:00:00,B002,3.77
2025-01-15 08:00:00,B002,9.0
2025-01-15 09:00:00,B002,13.5
2025-01-15 10:00:00,B002,15.84
2025-01-15 11:00:00,B002,14.5
2025-01-15 12:00:00,B002,13.56
2025-01-15 13:00:00,B002,13.94
2025-01-15 14:00:00,B002,16.24
2025-01-15 15:00:00,B002,12.46
2025-01-15 16:00:00,B002,8.88
2025-01-15 17:00:00,B002,9.4
2025-01-15 18:00:00,B002,3.86
2025-01-15 19:00:00,B002,3.82
2025-01-15 20:00:00,B002,4.56
2025-01-15 21:00:00,B002,4.35
2025-01-15 22:00:00,B002,4.93
2025-01-15 23:00:00,B002,5.81
2025-01-16 00:00:00,B002,5.21
2025-01-16 01:00:00,B002,5.61
2025-01-16 02:00:00,B002,5.31
2025-01-16 03:00:00,B002,5.06
2025-01-16 04:00:00,B002,4.64
2025-01-16 05:00:00,B002,4.33
2025-01-16 06:00:00,B002,3.83
2025-01-16 07:00:00,B002,4.34
2025-01-16 08:00:00,B002,7.68
2025-01-16 09:00:00,B002,12.13
2025-01-16 10:00:00,B002,12.71
2025-01-16 11:00:00,B002,16.79
2025-01-16 12:00:00,B002,18.48
2025-01-16 13:00:00,B002,16.38
2025-01-16 14:00:00,B002,17.9
2025-01-16 15:00:00,B002,13.79
2025-01-16 16:00:00,B002,7.98
2025-01-16 17:00:00,B002,8.44
2025-01-16 18:00:00,B002,4.82
2025-01-16 19:00:00,B002,3.85
2025-01-16 20:00:00,B002,4.58
2025-01-16 21:00:00,B002,4.28
2025-01-16 22:00:00,B002,4.57
2025-01-16 23:00:00,B002,5.61
2025-01-17 00:00:00,B002,5.07
2025-01-17 01:00:00,B002,5.02
2025-01-17 02:00:00,B002,5.14
2025-01-17 03:00:00,B002,5.12
2025-01-17 04:00:00,B002,4.26
2025-01-17 05:00:00,B002,3.69
2025-01-17 06:00:00,B002,3.94
2025-01-17 07:00:00,B002,3.69
2025-01-17 08:00:00,B002,9.54
2025-01-17 09:00:00,B002,14.2
2025-01-17 10:00:00,B002,15.68
2025-01-17 11:00:00,B002,18.07
2025-01-17 12:00:00,B002,16.79
2025-01-17 13:00:00,B002,15.89
2025-01-17 14:00:00,B002,13.87
2025-01-17 15:00:00,B002,14.13
2025-01-17 16:00:00,B002,8.97
2025-01-17 17:00:00,B002,9.16
2025-01-17 18:00:00,B002,4.0
2025-01-17 19:00:00,B002,4.09
2025-01-17 20:00:00,B002,4.29
2025-01-17 21:00:00,B002,4.69
2025-01-17 22:00:00,B002,5.02
2025-01-17 23:00:00,B002,4.75
2025-01-18 00:00:00,B002,5.81
2025-01-18 01:00:00,B002,5.25
2025-01-18 02:00:00,B002,5.37
2025-01-18 03:00:00,B002,5.28
2025-01-18 04:00:00,B002,4.82
2025-01-18 05:00:00,B002,3.98
2025-01-18 06:00:00,B002,3.43
2025-01-18 07:00:00,B002,3.89
2025-01-18 08:00:00,B002,3.75
2025-01-18 09:00:00,B002,5.61
2025-01-18 10:00:00,B002,4.68
2025-01-18 11:00:00,B002,5.08
2025-01-18 12:00:00,B002,5.52
2025-01-18 13:00:00,B002,5.29
2025-01-18 14:00:00,B002,5.15
2025-01-18 15:00:00,B002,5.09
2025-01-18 16:00:00,B002,4.15
2025-01-18 17:00:00,B002,4.63
2025-01-18 18:00:00,B002,4.43
2025-01-18 19:00:00,B002,3.7
2025-01-18 20:00:00,B002,4.21
2025-01-18 21:00:00,B002,5.96
2025-01-18 22:00:00,B002,5.51
2025-01-18 23:00:00,B002,5.29
2025-01-19 00:00:00,B002,5.46
2025-01-19 01:00:00,B002,5.49
2025-01-19 02:00:00,B002,4.8
2025-01-19 03:00:00,B002,4.16
2025-01-19 04:00:00,B002,4.78
2025-01-19 05:00:00,B002,4.09
2025-01-19 06:00:00,B002,4.12
2025-01-19 07:00:00,B002,3.9
2025-01-19 08:00:00,B002,4.61
2025-01-19 09:00:00,B002,4.48
2025-01-19 10:00:00,B002,5.51
2025-01-19 11:00:00,B002,5.37
2025-01-19 12:00:00,B002,5.53
2025-01-19 13:00:00,B002,6.04
2025-01-19 14:00:00,B002,4.32
2025-01-19 15:00:00,B002,3.97
2025-01-19 16:00:00,B002,3.99
2025-01-19 17:00:00,B002,4.44
2025-01-19 18:00:00,B002,3.76
2025-01-19 19:00:00,B002,4.01
2025-01-19 20:00:00,B002,3.65
2025-01-19 21:00:00,B002,5.74
2025-01-19 22:00:00,B002,5.26
2025-01-19 23:00:00,B002,5.22
2025-01-20 00:00:00,B002,5.65
2025-01-20 01:00:00,B002,5.05
2025-01-20 02:00:00,B002,6.18
2025-01-20 03:00:00,B002,4.76
2025-01-20 04:00:00,B002,4.25
2025-01-20 05:00:00,B002,3.83
2025-01-20 06:00:00,B002,3.99
2025-01-20 07:00:00,B002,4.69
2025-01-20 08:00:00,B002,8.79
2025-01-20 09:00:00,B002,12.87
2025-01-20 10:00:00,B002,17.02
2025-01-20 11:00:00,B002,14.23
2025-01-20 12:00:00,B002,17.15
2025-01-20 13:00:00,B002,16.06
2025-01-20 14:00:00,B002,13.39
2025-01-20 15:00:00,B002,17.25
2025-01-20 16:00:00,B002,9.96
2025-01-20 17:00:00,B002,9.31
2025-01-20 18:00:00,B002,3.77
2025-01-20 19:00:00,B002,3.82
2025-01-20 20:00:00,B002,4.57
2025-01-20 21:00:00,B002,4.76
2025-01-20 22:00:00,B002,4.31
2025-01-20 23:00:00,B002,4.84
2025-01-21 00:00:00,B002,5.69
2025-01-21 01:00:00,B002,5.4
2025-01-21 02:00:00,B002,4.86
2025-01-21 03:00:00,B002,4.94
2025-01-21 04:00:00,B002,4.77
2025-01-21 05:00:00,B002,4.0
2025-01-21 06:00:00,B002,3.39
2025-01-21 07:00:00,B002,3.7
2025-01-21 08:00:00,B002,10.59
2025-01-21 09:00:00,B002,15.08
2025-01-21 10:00:00,B002,15.91
2025-01-21 11:00:00,B002,16.77
2025-01-21 12:00:00,B002,15.35
2025-01-21 13:00:00,B002,16.74
2025-01-21 14:00:00,B002,15.72
2025-01-21 15:00:00,B002,13.48
2025-01-21 16:00:00,B002,8.88
2025-01-21 17:00:00,B002,7.88
2025-01-21 18:00:00,B002,3.79
2025-01-21 19:00:00,B002,4.44
2025-01-21 20:00:00,B002,5.42
2025-01-21 21:00:00,B002,4.48
2025-01-21 22:00:00,B002,5.32
2025-01-21 23:00:00,B002,5.32
2025-01-22 00:00:00,B002,4.98
2025-01-22 01:00:00,B002,4.89
2025-01-22 02:00:00,B002,6.33
2025-01-22 03:00:00,B002,3.99
2025-01-22 04:00:00,B002,3.87
2025-01-22 05:00:00,B002,3.74
2025-01-22 06:00:00,B002,3.92
2025-01-22 07:00:00,B002,4.01
2025-01-22 08:00:00,B002,10.22
2025-01-22 09:00:00,B002,15.04
2025-01-22 10:00:00,B002,16.06
2025-01-22 11:00:00,B002,16.91
2025-01-22 12:00:00,B002,13.01
2025-01-22 13:00:00,B002,15.17
2025-01-22 14:00:00,B002,14.05
2025-01-22 15:00:00,B002,13.45
2025-01-22 16:00:00,B002,8.11
2025-01-22 17:00:00,B002,8.86
2025-01-22 18:00:00,B002,3.81
2025-01-22 19:00:00,B002,3.8
2025-01-22 20:00:00,B002,4.26
2025-01-22 21:00:00,B002,4.92
2025-01-22 22:00:00,B002,4.76
2025-01-22 23:00:00,B002,4.82
2025-01-23 00:00:00,B002,5.56
2025-01-23 01:00:00,B002,5.23
2025-01-23 02:00:00,B002,5.46
2025-01-23 03:00:00,B002,4.54
2025-01-23 04:00:00,B002,5.42
2025-01-23 05:00:00,B002,4.28
2025-01-23 06:00:00,B002,3.78
2025-01-23 07:00:00,B002,4.27
2025-01-23 08:00:00,B002,9.48
2025-01-23 09:00:00,B002,17.54
2025-01-23 10:00:00,B002,16.39
2025-01-23 11:00:00,B002,18.43
2025-01-23 12:00:00,B002,16.13
2025-01-23 13:00:00,B002,14.37
2025-01-23 14:00:00,B002,14.8
2025-01-23 15:00:00,B002,15.08
2025-01-23 16:00:00,B002,8.4
2025-01-23 17:00:00,B002,8.24
2025-01-23 18:00:00,B002,3.69
2025-01-23 19:00:00,B002,3.87
2025-01-23 20:00:00,B002,4.82
2025-01-23 21:00:00,B002,4.82
2025-01-23 22:00:00,B002,5.24
2025-01-23 23:00:00,B002,5.71
2025-01-24 00:00:00,B002,5.77
2025-01-24 01:00:00,B002,5.9
2025-01-24 02:00:00,B002,5.77
2025-01-24 03:00:00,B002,4.97
2025-01-24 04:00:00,B002,4.77
2025-01-24 05:00:00,B002,4.54
2025-01-24 06:00:00,B002,3.81
2025-01-24 07:00:00,B002,4.69
2025-01-24 08:00:00,B002,9.46
2025-01-24 09:00:00,B002,13.54
2025-01-24 10:00:00,B002,12.37
2025-01-24 11:00:00,B002,17.01
2025-01-24 12:00:00,B002,13.45
2025-01-24 13:00:00,B002,19.15
2025-01-24 14:00:00,B002,12.34
2025-01-24 15:00:00,B002,14.61
2025-01-24 16:00:00,B002,9.26
2025-01-24 17:00:00,B002,7.63
2025-01-24 18:00:00,B002,3.99
2025-01-24 19:00:00,B002,5.0
2025-01-24 20:00:00,B002,4.68
2025-01-24 21:00:00,B002,5.08
2025-01-24 22:00:00,B002,5.48
2025-01-24 23:00:00,B002,5.51
2025-01-25 00:00:00,B002,5.12
2025-01-25 01:00:00,B002,5.06
2025-01-25 02:00:00,B002,5.14
2025-01-25 03:00:00,B002,5.17
2025-01-25 04:00:00,B002,3.95
2025-01-25 05:00:00,B002,3.89
2025-01-25 06:00:00,B002,4.05
2025-01-25 07:00:00,B002,4.22
2025-01-25 08:00:00,B002,4.82
2025-01-25 09:00:00,B002,5.07
2025-01-25 10:00:00,B002,4.78
2025-01-25 11:00:00,B002,4.57
2025-01-25 12:00:00,B002,5.25
2025-01-25 13:00:00,B002,4.6
2025-01-25 14:00:00,B002,6.0
2025-01-25 15:00:00,B002,4.76
2025-01-25 16:00:00,B002,4.76
2025-01-25 17:00:00,B002,3.73
2025-01-25 18:00:00,B002,3.69
2025-01-25 19:00:00,B002,3.7
2025-01-25 20:00:00,B002,4.07
2025-01-25 21:00:00,B002,5.28
2025-01-25 22:00:00,B002,5.09
2025-01-25 23:00:00,B002,5.71
2025-01-26 00:00:00,B002,5.64
2025-01-26 01:00:00,B002,5.3
2025-01-26 02:00:00,B002,5.05
2025-01-26 03:00:00,B002,5.24
2025-01-26 04:00:00,B002,4.33
2025-01-26 05:00:00,B002,4.08
2025-01-26 06:00:00,B002,3.67
2025-01-26 07:00:00,B002,3.5
2025-01-26 08:00:00,B002,4.64
2025-01-26 09:00:00,B002,4.84
2025-01-26 10:00:00,B002,4.86
2025-01-26 11:00:00,B002,5.36
2025-01-26 12:00:00,B002,5.43
2025-01-26 13:00:00,B002,4.76
2025-01-26 14:00:00,B002,5.2
2025-01-26 15:00:00,B002,4.72
2025-01-26 16:00:00,B002,4.72
2025-01-26 17:00:00,B002,3.47
2025-01-26 18:00:00,B002,4.3
2025-01-26 19:00:00,B002,4.02
2025-01-26 20:00:00,B002,4.41
2025-01-26 21:00:00,B002,5.14
2025-01-26 22:00:00,B002,5.21
2025-01-26 23:00:00,B002,5.26
2025-01-27 00:00:00,B002,5.81
2025-01-27 01:00:00,B002,4.96
2025-01-27 02:00:00,B002,4.85
2025-01-27 03:00:00,B002,5.86
2025-01-27 04:00:00,B002,4.7
2025-01-27 05:00:00,B002,3.9
2025-01-27 06:00:00,B002,4.31
2025-01-27 07:00:00,B002,3.7
2025-01-27 08:00:00,B002,9.41
2025-01-27 09:00:00,B002,14.35
2025-01-27 10:00:00,B002,14.78
2025-01-27 11:00:00,B002,17.53
2025-01-27 12:00:00,B002,16.37
2025-01-27 13:00:00,B002,18.62
2025-01-27 14:00:00,B002,14.82
2025-01-27 15:00:00,B002,15.96
2025-01-27 16:00:00,B002,7.96
2025-01-27 17:00:00,B002,7.04
2025-01-27 18:00:00,B002,3.71
2025-01-27 19:00:00,B002,4.57
2025-01-27 20:00:00,B002,4.68
2025-01-27 21:00:00,B002,5.07
2025-01-27 22:00:00,B002,4.92
2025-01-27 23:00:00,B002,5.65
2025-01-28 00:00:00,B002,5.66
2025-01-28 01:00:00,B002,4.8
2025-01-28 02:00:00,B002,5.01
2025-01-28 03:00:00,B002,4.41
2025-01-28 04:00:00,B002,4.16
2025-01-28 05:00:00,B002,3.94
2025-01-28 06:00:00,B002,3.92
2025-01-28 07:00:00,B002,4.29
2025-01-28 08:00:00,B002,7.98
2025-01-28 09:00:00,B002,16.03
2025-01-28 10:00:00,B002,14.01
2025-01-28 11:00:00,B002,16.34
2025-01-28 12:00:00,B002,16.08
2025-01-28 13:00:00,B002,17.08
2025-01-28 14:00:00,B002,14.7
2025-01-28 15:00:00,B002,13.38
2025-01-28 16:00:00,B002,8.14
2025-01-28 17:00:00,B002,7.56
2025-01-28 18:00:00,B002,4.57
2025-01-28 19:00:00,B002,3.79
2025-01-28 20:00:00,B002,4.79
2025-01-28 21:00:00,B002,4.64
2025-01-28 22:00:00,B002,4.76
2025-01-28 23:00:00,B002,5.61
2025-01-29 00:00:00,B002,5.29
2025-01-29 01:00:00,B002,5.99
2025-01-29 02:00:00,B002,5.45
2025-01-29 03:00:00,B002,5.18
2025-01-29 04:00:00,B002,5.36
2025-01-29 05:00:00,B002,4.31
2025-01-29 06:00:00,B002,4.0
2025-01-29 07:00:00,B002,3.6
2025-01-29 08:00:00,B002,9.47
2025-01-29 09:00:00,B002,16.71
2025-01-29 10:00:00,B002,16.34
2025-01-29 11:00:00,B002,15.53
2025-01-29 12:00:00,B002,14.84
2025-01-29 13:00:00,B002,14.91
2025-01-29 14:00:00,B002,13.18
2025-01-29 15:00:00,B002,15.88
2025-01-29 16:00:00,B002,7.73
2025-01-29 17:00:00,B002,9.36
2025-01-29 18:00:00,B002,4.11
2025-01-29 19:00:00,B002,3.68
2025-01-29 20:00:00,B002,4.75
2025-01-29 21:00:00,B002,4.53
2025-01-29 22:00:00,B002,5.41
2025-01-29 23:00:00,B002,5.27
2025-01-30 00:00:00,B002,5.1
2025-01-30 01:00:00,B002,5.52
2025-01-30 02:00:00,B002,4.6
2025-01-30 03:00:00,B002,4.93
2025-01-30 04:00:00,B002,4.87
2025-01-30 05:00:00,B002,3.84
2025-01-30 06:00:00,B002,3.68
2025-01-30 07:00:00,B002,4.61
2025-01-30 08:00:00,B002,8.26
2025-01-30 09:00:00,B002,14.4
2025-01-30 10:00:00,B002,15.11
2025-01-30 11:00:00,B002,15.4
2025-01-30 12:00:00,B002,17.41
2025-01-30 13:00:00,B002,18.75
2025-01-30 14:00:00,B002,15.62
2025-01-30 15:00:00,B002,14.48
2025-01-30 16:00:00,B002,8.25
2025-01-30 17:00:00,B002,8.05
2025-01-30 18:00:00,B002,3.84
2025-01-30 19:00:00,B002,4.72
2025-01-30 20:00:00,B002,4.85
2025-01-30 21:00:00,B002,4.92
2025-01-30 22:00:00,B002,5.3
2025-01-30 23:00:00,B002,4.7
2025-01-31 00:00:00,B002,5.7
2025-01-31 01:00:00,B002,6.34
2025-01-31 02:00:00,B002,4.58
2025-01-31 03:00:00,B002,4.02
2025-01-31 04:00:00,B002,4.56
2025-01-31 05:00:00,B002,4.71
2025-01-31 06:00:00,B002,3.92
2025-01-31 07:00:00,B002,3.86
2025-01-31 08:00:00,B002,8.25
2025-01-31 09:00:00,B002,12.81
2025-01-31 10:00:00,B002,15.13
2025-01-31 11:00:00,B002,14.52
2025-01-31 12:00:00,B002,17.46
2025-01-31 13:00:00,B002,15.56
2025-01-31 14:00:00,B002,16.9
2025-01-31 15:00:00,B002,15.4
2025-01-31 16:00:00,B002,10.36
2025-01-31 17:00:00,B002,7.95
2025-01-31 18:00:00,B002,3.82
2025-01-31 19:00:00,B002,3.67
2025-01-31 20:00:00,B002,4.44
2025-01-31 21:00:00,B002,4.96
2025-01-31 22:00:00,B002,4.88
2025-01-31 23:00:00,B002,5.0
2025-01-01 00:00:00,B003,4.34
2025-01-01 01:00:00,B003,4.55
2025-01-01 02:00:00,B003,4.9
2025-01-01 03:00:00,B003,4.74
2025-01-01 04:00:00,B003,3.5
2025-01-01 05:00:00,B003,3.68
2025-01-01 06:00:00,B003,3.1
2025-01-01 07:00:00,B003,3.02
2025-01-01 08:00:00,B003,3.83
2025-01-01 09:00:00,B003,7.93
2025-01-01 10:00:00,B003,12.26
2025-01-01 11:00:00,B003,12.17
2025-01-01 12:00:00,B003,14.39
2025-01-01 13:00:00,B003,12.66
2025-01-01 14:00:00,B003,12.01
2025-01-01 15:00:00,B003,10.6
2025-01-01 16:00:00,B003,10.0
2025-01-01 17:00:00,B003,7.34
2025-01-01 18:00:00,B003,6.13
2025-01-01 19:00:00,B003,2.96
2025-01-01 20:00:00,B003,3.65
2025-01-01 21:00:00,B003,4.2
2025-01-01 22:00:00,B003,4.07
2025-01-01 23:00:00,B003,4.21
2025-01-02 00:00:00,B003,4.01
2025-01-02 01:00:00,B003,4.16
2025-01-02 02:00:00,B003,4.28
2025-01-02 03:00:00,B003,4.0
2025-01-02 04:00:00,B003,3.26
2025-01-02 05:00:00,B003,3.72
2025-01-02 06:00:00,B003,3.51
2025-01-02 07:00:00,B003,2.99
2025-01-02 08:00:00,B003,3.75
2025-01-02 09:00:00,B003,7.33
2025-01-02 10:00:00,B003,13.95
2025-01-02 11:00:00,B003,12.64
2025-01-02 12:00:00,B003,13.54
2025-01-02 13:00:00,B003,13.72
2025-01-02 14:00:00,B003,12.9
2025-01-02 15:00:00,B003,11.06
2025-01-02 16:00:00,B003,12.16
2025-01-02 17:00:00,B003,6.74
2025-01-02 18:00:00,B003,6.62
2025-01-02 19:00:00,B003,3.47
2025-01-02 20:00:00,B003,2.98
2025-01-02 21:00:00,B003,3.68
2025-01-02 22:00:00,B003,3.86
2025-01-02 23:00:00,B003,3.88
2025-01-03 00:00:00,B003,4.65
2025-01-03 01:00:00,B003,4.47
2025-01-03 02:00:00,B003,4.27
2025-01-03 03:00:00,B003,4.66
2025-01-03 04:00:00,B003,3.7
2025-01-03 05:00:00,B003,2.78
2025-01-03 06:00:00,B003,3.38
2025-01-03 07:00:00,B003,3.14
2025-01-03 08:00:00,B003,3.86
2025-01-03 09:00:00,B003,7.7
2025-01-03 10:00:00,B003,12.9
2025-01-03 11:00:00,B003,11.33
2025-01-03 12:00:00,B003,12.35
2025-01-03 13:00:00,B003,10.94
2025-01-03 14:00:00,B003,14.38
2025-01-03 15:00:00,B003,11.52
2025-01-03 16:00:00,B003,10.56
2025-01-03 17:00:00,B003,6.93
2025-01-03 18:00:00,B003,7.13
2025-01-03 19:00:00,B003,3.8
2025-01-03 20:00:00,B003,4.03
2025-01-03 21:00:00,B003,4.17
2025-01-03 22:00:00,B003,3.78
2025-01-03 23:00:00,B003,4.15
2025-01-04 00:00:00,B003,4.17
2025-01-04 01:00:00,B003,4.47
2025-01-04 02:00:00,B003,4.6
2025-01-04 03:00:00,B003,4.19
2025-01-04 04:00:00,B003,3.45
2025-01-04 05:00:00,B003,3.19
2025-01-04 06:00:00,B003,3.96
2025-01-04 07:00:00,B003,3.15
2025-01-04 08:00:00,B003,3.77
2025-01-04 09:00:00,B003,3.58
2025-01-04 10:00:00,B003,3.7
2025-01-04 11:00:00,B003,4.45
2025-01-04 12:00:00,B003,4.29
2025-01-04 13:00:00,B003,4.14
2025-01-04 14:00:00,B003,4.25
2025-01-04 15:00:00,B003,4.04
2025-01-04 16:00:00,B003,3.3
2025-01-04 17:00:00,B003,3.18
2025-01-04 18:00:00,B003,3.19
2025-01-04 19:00:00,B003,3.21
2025-01-04 20:00:00,B003,3.47
2025-01-04 21:00:00,B003,3.83
2025-01-04 22:00:00,B003,4.18
2025-01-04 23:00:00,B003,4.43
2025-01-05 00:00:00,B003,4.26
2025-01-05 01:00:00,B003,4.7
2025-01-05 02:00:00,B003,4.04
2025-01-05 03:00:00,B003,3.99
2025-01-05 04:00:00,B003,3.93
2025-01-05 05:00:00,B003,3.29
2025-01-05 06:00:00,B003,2.8
2025-01-05 07:00:00,B003,3.22
2025-01-05 08:00:00,B003,4.04
2025-01-05 09:00:00,B003,4.39
2025-01-05 10:00:00,B003,4.56
2025-01-05 11:00:00,B003,4.64
2025-01-05 12:00:00,B003,4.54
2025-01-05 13:00:00,B003,4.28
2025-01-05 14:00:00,B003,4.21
2025-01-05 15:00:00,B003,3.63
2025-01-05 16:00:00,B003,4.11
2025-01-05 17:00:00,B003,3.43
2025-01-05 18:00:00,B003,3.0
2025-01-05 19:00:00,B003,3.11
2025-01-05 20:00:00,B003,3.45
2025-01-05 21:00:00,B003,3.93
2025-01-05 22:00:00,B003,4.18
2025-01-05 23:00:00,B003,4.47
2025-01-06 00:00:00,B003,4.25
2025-01-06 01:00:00,B003,4.21
2025-01-06 02:00:00,B003,4.48
2025-01-06 03:00:00,B003,3.67
2025-01-06 04:00:00,B003,3.4
2025-01-06 05:00:00,B003,3.8
2025-01-06 06:00:00,B003,3.19
2025-01-06 07:00:00,B003,3.83
2025-01-06 08:00:00,B003,3.49
2025-01-06 09:00:00,B003,7.92
2025-01-06 10:00:00,B003,13.4
2025-01-06 11:00:00,B003,15.13
2025-01-06 12:00:00,B003,13.58
2025-01-06 13:00:00,B003,14.94
2025-01-06 14:00:00,B003,14.15
2025-01-06 15:00:00,B003,11.56
2025-01-06 16:00:00,B003,11.76
2025-01-06 17:00:00,B003,6.38
2025-01-06 18:00:00,B003,6.8
2025-01-06 19:00:00,B003,3.77
2025-01-06 20:00:00,B003,3.51
2025-01-06 21:00:00,B003,4.12
2025-01-06 22:00:00,B003,3.96
2025-01-06 23:00:00,B003,4.37
2025-01-07 00:00:00,B003,4.34
2025-01-07 01:00:00,B003,4.77
2025-01-07 02:00:00,B003,3.92
2025-01-07 03:00:00,B003,4.27
2025-01-07 04:00:00,B003,3.99
2025-01-07 05:00:00,B003,3.85
2025-01-07 06:00:00,B003,3.07
2025-01-07 07:00:00,B003,3.2
2025-01-07 08:00:00,B003,3.68
2025-01-07 09:00:00,B003,8.54
2025-01-07 10:00:00,B003,13.6
2025-01-07 11:00:00,B003,14.06
2025-01-07 12:00:00,B003,12.97
2025-01-07 13:00:00,B003,14.06
2025-01-07 14:00:00,B003,12.94
2025-01-07 15:00:00,B003,12.12
2025-01-07 16:00:00,B003,12.84
2025-01-07 17:00:00,B003,7.13
2025-01-07 18:00:00,B003,6.12
2025-01-07 19:00:00,B003,3.64
2025-01-07 20:00:00,B003,4.23
2025-01-07 21:00:00,B003,3.98
2025-01-07 22:00:00,B003,4.02
2025-01-07 23:00:00,B003,4.18
2025-01-08 00:00:00,B003,4.61
2025-01-08 01:00:00,B003,5.02
2025-01-08 02:00:00,B003,4.08
2025-01-08 03:00:00,B003,4.17
2025-01-08 04:00:00,B003,3.12
2025-01-08 05:00:00,B003,3.45
2025-01-08 06:00:00,B003,3.02
2025-01-08 07:00:00,B003,3.5
2025-01-08 08:00:00,B003,3.55
2025-01-08 09:00:00,B003,9.81
2025-01-08 10:00:00,B003,12.44
2025-01-08 11:00:00,B003,12.71
2025-01-08 12:00:00,B003,11.88
2025-01-08 13:00:00,B003,14.78
2025-01-08 14:00:00,B003,11.21
2025-01-08 15:00:00,B003,14.18
2025-01-08 16:00:00,B003,12.84
2025-01-08 17:00:00,B003,6.23
2025-01-08 18:00:00,B003,7.23
2025-01-08 19:00:00,B003,3.36
2025-01-08 20:00:00,B003,3.76
2025-01-08 21:00:00,B003,3.88
2025-01-08 22:00:00,B003,3.76
2025-01-08 23:00:00,B003,4.51
2025-01-09 00:00:00,B003,4.51
2025-01-09 01:00:00,B003,4.66
2025-01-09 02:00:00,B003,4.45
2025-01-09 03:00:00,B003,4.2
2025-01-09 04:00:00,B003,3.93
2025-01-09 05:00:00,B003,3.52
2025-01-09 06:00:00,B003,3.0
2025-01-09 07:00:00,B003,3.36
2025-01-09 08:00:00,B003,3.5
2025-01-09 09:00:00,B003,8.2
2025-01-09 10:00:00,B003,14.14
2025-01-09 11:00:00,B003,14.4
2025-01-09 12:00:00,B003,14.54
2025-01-09 13:00:00,B003,13.39
2025-01-09 14:00:00,B003,14.5
2025-01-09 15:00:00,B003,11.88
2025-01-09 16:00:00,B003,10.05
2025-01-09 17:00:00,B003,7.1
2025-01-09 18:00:00,B003,6.42
2025-01-09 19:00:00,B003,3.46
2025-01-09 20:00:00,B003,3.28
2025-01-09 21:00:00,B003,4.7
2025-01-09 22:00:00,B003,4.3
2025-01-09 23:00:00,B003,3.74
2025-01-10 00:00:00,B003,4.78
2025-01-10 01:00:00,B003,4.02
2025-01-10 02:00:00,B003,3.74
2025-01-10 03:00:00,B003,3.66
2025-01-10 04:00:00,B003,3.34
2025-01-10 05:00:00,B003,3.36
2025-01-10 06:00:00,B003,3.15
2025-01-10 07:00:00,B003,3.93
2025-01-10 08:00:00,B003,3.32
2025-01-10 09:00:00,B003,7.74
2025-01-10 10:00:00,B003,14.42
2025-01-10 11:00:00,B003,11.97
2025-01-10 12:00:00,B003,11.71
2025-01-10 13:00:00,B003,13.29
2025-01-10 14:00:00,B003,11.76
2025-01-10 15:00:00,B003,9.96
2025-01-10 16:00:00,B003,10.42
2025-01-10 17:00:00,B003,6.87
2025-01-10 18:00:00,B003,6.33
2025-01-10 19:00:00,B003,3.82
2025-01-10 20:00:00,B003,3.52
2025-01-10 21:00:00,B003,3.52
2025-01-10 22:00:00,B003,3.82
2025-01-10 23:00:00,B003,4.25
2025-01-11 00:00:00,B003,5.08
2025-01-11 01:00:00,B003,4.25
2025-01-11 02:00:00,B003,4.34
2025-01-11 03:00:00,B003,4.37
2025-01-11 04:00:00,B003,3.46
2025-01-11 05:00:00,B003,2.96
2025-01-11 06:00:00,B003,3.21
2025-01-11 07:00:00,B003,3.07
2025-01-11 08:00:00,B003,4.05
2025-01-11 09:00:00,B003,4.29
2025-01-11 10:00:00,B003,3.8
2025-01-11 11:00:00,B003,4.56
2025-01-11 12:00:00,B003,4.78
2025-01-11 13:00:00,B003,4.61
2025-01-11 14:00:00,B003,4.42
2025-01-11 15:00:00,B003,3.88
2025-01-11 16:00:00,B003,3.43
2025-01-11 17:00:00,B003,3.25
2025-01-11 18:00:00,B003,3.23
2025-01-11 19:00:00,B003,3.54
2025-01-11 20:00:00,B003,3.81
2025-01-11 21:00:00,B003,3.57
2025-01-11 22:00:00,B003,4.03
2025-01-11 23:00:00,B003,4.51
2025-01-12 00:00:00,B003,4.58
2025-01-12 01:00:00,B003,4.39
2025-01-12 02:00:00,B003,4.18
2025-01-12 03:00:00,B003,3.86
2025-01-12 04:00:00,B003,3.56
2025-01-12 05:00:00,B003,3.49
2025-01-12 06:00:00,B003,3.19
2025-01-12 07:00:00,B003,3.35
2025-01-12 08:00:00,B003,3.35
2025-01-12 09:00:00,B003,4.41
2025-01-12 10:00:00,B003,4.09
2025-01-12 11:00:00,B003,4.36
2025-01-12 12:00:00,B003,4.27
2025-01-12 13:00:00,B003,4.34
2025-01-12 14:00:00,B003,5.08
2025-01-12 15:00:00,B003,4.12
2025-01-12 16:00:00,B003,3.43
2025-01-12 17:00:00,B003,3.21
2025-01-12 18:00:00,B003,2.9
2025-01-12 19:00:00,B003,3.36
2025-01-12 20:00:00,B003,4.04
2025-01-12 21:00:00,B003,4.08
2025-01-12 22:00:00,B003,4.39
2025-01-12 23:00:00,B003,4.88
2025-01-13 00:00:00,B003,4.25
2025-01-13 01:00:00,B003,4.51
2025-01-13 02:00:00,B003,4.15
2025-01-13 03:00:00,B003,3.59
2025-01-13 04:00:00,B003,3.67
2025-01-13 05:00:00,B003,2.89
2025-01-13 06:00:00,B003,2.78
2025-01-13 07:00:00,B003,3.2
2025-01-13 08:00:00,B003,3.77
2025-01-13 09:00:00,B003,7.57
2025-01-13 10:00:00,B003,11.5
2025-01-13 11:00:00,B003,12.52
2025-01-13 12:00:00,B003,11.61
2025-01-13 13:00:00,B003,11.06
2025-01-13 14:00:00,B003,12.25
2025-01-13 15:00:00,B003,12.09
2025-01-13 16:00:00,B003,11.03
2025-01-13 17:00:00,B003,6.96
2025-01-13 18:00:00,B003,6.67
2025-01-13 19:00:00,B003,3.75
2025-01-13 20:00:00,B003,3.71
2025-01-13 21:00:00,B003,4.42
2025-01-13 22:00:00,B003,3.93
2025-01-13 23:00:00,B003,4.25
2025-01-14 00:00:00,B003,4.56
2025-01-14 01:00:00,B003,4.48
2025-01-14 02:00:00,B003,4.33
2025-01-14 03:00:00,B003,3.15
2025-01-14 04:00:00,B003,3.52
2025-01-14 05:00:00,B003,3.46
2025-01-14 06:00:00,B003,3.37
2025-01-14 07:00:00,B003,3.66
2025-01-14 08:00:00,B003,3.31
2025-01-14 09:00:00,B003,9.43
2025-01-14 10:00:00,B003,11.89
2025-01-14 11:00:00,B003,11.91
2025-01-14 12:00:00,B003,12.27
2025-01-14 13:00:00,B003,12.42
2025-01-14 14:00:00,B003,13.91
2025-01-14 15:00:00,B003,11.76
2025-01-14 16:00:00,B003,9.48
2025-01-14 17:00:00,B003,6.63
2025-01-14 18:00:00,B003,6.1
2025-01-14 19:00:00,B003,3.5
2025-01-14 20:00:00,B003,3.91
2025-01-14 21:00:00,B003,3.54
2025-01-14 22:00:00,B003,4.52
2025-01-14 23:00:00,B003,3.41
2025-01-15 00:00:00,B003,5.22
2025-01-15 01:00:00,B003,4.4
2025-01-15 02:00:00,B003,3.85
2025-01-15 03:00:00,B003,3.86
2025-01-15 04:00:00,B003,4.11
2025-01-15 05:00:00,B003,3.41
2025-01-15 06:00:00,B003,3.05
2025-01-15 07:00:00,B003,2.98
2025-01-15 08:00:00,B003,4.06
2025-01-15 09:00:00,B003,7.01
2025-01-15 10:00:00,B003,13.43
2025-01-15 11:00:00,B003,13.33
2025-01-15 12:00:00,B003,11.08
2025-01-15 13:00:00,B003,11.7
2025-01-15 14:00:00,B003,13.15
2025-01-15 15:00:00,B003,10.16
2025-01-15 16:00:00,B003,11.75
2025-01-15 17:00:00,B003,7.53
2025-01-15 18:00:00,B003,7.09
2025-01-15 19:00:00,B003,3.2
2025-01-15 20:00:00,B003,4.03
2025-01-15 21:00:00,B003,3.73
2025-01-15 22:00:00,B003,4.23
2025-01-15 23:00:00,B003,4.23
2025-01-16 00:00:00,B003,4.41
2025-01-16 01:00:00,B003,4.56
2025-01-16 02:00:00,B003,4.24
2025-01-16 03:00:00,B003,4.56
2025-01-16 04:00:00,B003,3.79
2025-01-16 05:00:00,B003,3.5
2025-01-16 06:00:00,B003,3.07
2025-01-16 07:00:00,B003,3.36
2025-01-16 08:00:00,B003,3.3
2025-01-16 09:00:00,B003,7.4
2025-01-16 10:00:00,B003,12.39
2025-01-16 11:00:00,B003,14.52
2025-01-16 12:00:00,B003,14.45
2025-01-16 13:00:00,B003,13.61
2025-01-16 14:00:00,B003,13.93
2025-01-16 15:00:00,B003,10.62
2025-01-16 16:00:00,B003,10.52
2025-01-16 17:00:00,B003,7.57
2025-01-16 18:00:00,B003,7.46
2025-01-16 19:00:00,B003,3.31
2025-01-16 20:00:00,B003,3.68
2025-01-16 21:00:00,B003,4.06
2025-01-16 22:00:00,B003,4.19
2025-01-16 23:00:00,B003,4.66
2025-01-17 00:00:00,B003,4.21
2025-01-17 01:00:00,B003,4.4
2025-01-17 02:00:00,B003,4.14
2025-01-17 03:00:00,B003,4.43
2025-01-17 04:00:00,B003,3.68
2025-01-17 05:00:00,B003,3.03
2025-01-17 06:00:00,B003,3.21
2025-01-17 07:00:00,B003,2.99
2025-01-17 08:00:00,B003,3.85
2025-01-17 09:00:00,B003,7.66
2025-01-17 10:00:00,B003,13.9
2025-01-17 11:00:00,B003,14.48
2025-01-17 12:00:00,B003,15.18
2025-01-17 13:00:00,B003,13.93
2025-01-17 14:00:00,B003,12.2
2025-01-17 15:00:00,B003,12.55
2025-01-17 16:00:00,B003,11.38
2025-01-17 17:00:00,B003,8.41
2025-01-17 18:00:00,B003,6.52
2025-01-17 19:00:00,B003,3.67
2025-01-17 20:00:00,B003,3.27
2025-01-17 21:00:00,B003,4.05
2025-01-17 22:00:00,B003,4.43
2025-01-17 23:00:00,B003,4.03
2025-01-18 00:00:00,B003,4.49
2025-01-18 01:00:00,B003,3.98
2025-01-18 02:00:00,B003,5.02
2025-01-18 03:00:00,B003,4.26
2025-01-18 04:00:00,B003,4.15
2025-01-18 05:00:00,B003,3.05
2025-01-18 06:00:00,B003,3.19
2025-01-18 07:00:00,B003,3.43
2025-01-18 08:00:00,B003,3.09
2025-01-18 09:00:00,B003,4.48
2025-01-18 10:00:00,B003,3.94
2025-01-18 11:00:00,B003,4.52
2025-01-18 12:00:00,B003,4.83
2025-01-18 13:00:00,B003,4.27
2025-01-18 14:00:00,B003,4.14
2025-01-18 15:00:00,B003,3.94
2025-01-18 16:00:00,B003,3.41
2025-01-18 17:00:00,B003,3.69
2025-01-18 18:00:00,B003,3.44
2025-01-18 19:00:00,B003,3.21
2025-01-18 20:00:00,B003,3.21
2025-01-18 21:00:00,B003,5.08
2025-01-18 22:00:00,B003,4.32
2025-01-18 23:00:00,B003,4.21
2025-01-19 00:00:00,B003,4.46
2025-01-19 01:00:00,B003,4.34
2025-01-19 02:00:00,B003,4.04
2025-01-19 03:00:00,B003,3.64
2025-01-19 04:00:00,B003,3.82
2025-01-19 05:00:00,B003,3.31
2025-01-19 06:00:00,B003,3.15
2025-01-19 07:00:00,B003,3.33
2025-01-19 08:00:00,B003,4.16
2025-01-19 09:00:00,B003,3.51
2025-01-19 10:00:00,B003,4.46
2025-01-19 11:00:00,B003,4.51
2025-01-19 12:00:00,B003,4.45
2025-01-19 13:00:00,B003,5.09
2025-01-19 14:00:00,B003,3.56
2025-01-19 15:00:00,B003,3.88
2025-01-19 16:00:00,B003,3.28
2025-01-19 17:00:00,B003,3.56
2025-01-19 18:00:00,B003,3.49
2025-01-19 19:00:00,B003,3.11
2025-01-19 20:00:00,B003,3.06
2025-01-19 21:00:00,B003,4.26
2025-01-19 22:00:00,B003,4.62
2025-01-19 23:00:00,B003,3.64
2025-01-20 00:00:00,B003,4.55
2025-01-20 01:00:00,B003,4.08
2025-01-20 02:00:00,B003,4.6
2025-01-20 03:00:00,B003,3.92
2025-01-20 04:00:00,B003,3.73
2025-01-20 05:00:00,B003,2.91
2025-01-20 06:00:00,B003,3.14
2025-01-20 07:00:00,B003,3.56
2025-01-20 08:00:00,B003,3.49
2025-01-20 09:00:00,B003,7.82
2025-01-20 10:00:00,B003,13.51
2025-01-20 11:00:00,B003,12.8
2025-01-20 12:00:00,B003,13.7
2025-01-20 13:00:00,B003,12.86
2025-01-20 14:00:00,B003,10.85
2025-01-20 15:00:00,B003,14.55
2025-01-20 16:00:00,B003,11.2
2025-01-20 17:00:00,B003,7.88
2025-01-20 18:00:00,B003,6.66
2025-01-20 19:00:00,B003,2.99
2025-01-20 20:00:00,B003,3.99
2025-01-20 21:00:00,B003,3.8
2025-01-20 22:00:00,B003,3.91
2025-01-20 23:00:00,B003,4.21
2025-01-21 00:00:00,B003,4.34
2025-01-21 01:00:00,B003,4.26
2025-01-21 02:00:00,B003,3.89
2025-01-21 03:00:00,B003,4.39
2025-01-21 04:00:00,B003,3.7
2025-01-21 05:00:00,B003,3.55
2025-01-21 06:00:00,B003,2.93
2025-01-21 07:00:00,B003,2.95
2025-01-21 08:00:00,B003,3.85
2025-01-21 09:00:00,B003,7.83
2025-01-21 10:00:00,B003,12.48
2025-01-21 11:00:00,B003,12.92
2025-01-21 12:00:00,B003,13.39
2025-01-21 13:00:00,B003,12.16
2025-01-21 14:00:00,B003,13.44
2025-01-21 15:00:00,B003,11.11
2025-01-21 16:00:00,B003,11.36
2025-01-21 17:00:00,B003,7.18
2025-01-21 18:00:00,B003,6.43
2025-01-21 19:00:00,B003,3.59
2025-01-21 20:00:00,B003,4.15
2025-01-21 21:00:00,B003,3.92
2025-01-21 22:00:00,B003,4.56
2025-01-21 23:00:00,B003,4.49
2025-01-22 00:00:00,B003,4.2
2025-01-22 01:00:00,B003,4.04
2025-01-22 02:00:00,B003,4.71
2025-01-22 03:00:00,B003,3.53
2025-01-22 04:00:00,B003,3.13
2025-01-22 05:00:00,B003,3.15
2025-01-22 06:00:00,B003,3.27
2025-01-22 07:00:00,B003,3.44
2025-01-22 08:00:00,B003,4.11
2025-01-22 09:00:00,B003,7.76
2025-01-22 10:00:00,B003,12.08
2025-01-22 11:00:00,B003,13.22
2025-01-22 12:00:00,B003,12.03
2025-01-22 13:00:00,B003,12.86
2025-01-22 14:00:00,B003,11.24
2025-01-22 15:00:00,B003,11.35
2025-01-22 16:00:00,B003,10.62
2025-01-22 17:00:00,B003,7.58
2025-01-22 18:00:00,B003,6.88
2025-01-22 19:00:00,B003,3.33
2025-01-22 20:00:00,B003,3.34
2025-01-22 21:00:00,B003,4.07
2025-01-22 22:00:00,B003,4.36
2025-01-22 23:00:00,B003,4.29
2025-01-23 00:00:00,B003,4.47
2025-01-23 01:00:00,B003,4.32
2025-01-23 02:00:00,B003,4.35
2025-01-23 03:00:00,B003,4.1
2025-01-23 04:00:00,B003,3.74
2025-01-23 05:00:00,B003,2.96
2025-01-23 06:00:00,B003,3.05
2025-01-23 07:00:00,B003,3.89
2025-01-23 08:00:00,B003,4.23
2025-01-23 09:00:00,B003,8.62
2025-01-23 10:00:00,B003,13.09
2025-01-23 11:00:00,B003,14.09
2025-01-23 12:00:00,B003,15.01
2025-01-23 13:00:00,B003,11.9
2025-01-23 14:00:00,B003,12.24
2025-01-23 15:00:00,B003,12.53
2025-01-23 16:00:00,B003,10.82
2025-01-23 17:00:00,B003,6.25
2025-01-23 18:00:00,B003,5.74
2025-01-23 19:00:00,B003,3.2
2025-01-23 20:00:00,B003,3.82
2025-01-23 21:00:00,B003,4.11
2025-01-23 22:00:00,B003,4.67
2025-01-23 23:00:00,B003,4.95
2025-01-24 00:00:00,B003,4.5
2025-01-24 01:00:00,B003,4.7
2025-01-24 02:00:00,B003,4.77
2025-01-24 03:00:00,B003,3.92
2025-01-24 04:00:00,B003,4.04
2025-01-24 05:00:00,B003,3.88
2025-01-24 06:00:00,B003,3.19
2025-01-24 07:00:00,B003,3.69
2025-01-24 08:00:00,B003,4.13
2025-01-24 09:00:00,B003,7.99
2025-01-24 10:00:00,B003,11.26
2025-01-24 11:00:00,B003,12.9
2025-01-24 12:00:00,B003,11.48
2025-01-24 13:00:00,B003,16.03
2025-01-24 14:00:00,B003,12.01
2025-01-24 15:00:00,B003,10.93
2025-01-24 16:00:00,B003,10.82
2025-01-24 17:00:00,B003,5.88
2025-01-24 18:00:00,B003,7.31
2025-01-24 19:00:00,B003,3.96
2025-01-24 20:00:00,B003,3.8
2025-01-24 21:00:00,B003,4.04
2025-01-24 22:00:00,B003,4.06
2025-01-24 23:00:00,B003,4.43
2025-01-25 00:00:00,B003,4.26
2025-01-25 01:00:00,B003,4.09
2025-01-25 02:00:00,B003,4.51
2025-01-25 03:00:00,B003,4.22
2025-01-25 04:00:00,B003,3.4
2025-01-25 05:00:00,B003,3.27
2025-01-25 06:00:00,B003,3.34
2025-01-25 07:00:00,B003,3.59
2025-01-25 08:00:00,B003,3.58
2025-01-25 09:00:00,B003,4.33
2025-01-25 10:00:00,B003,3.71
2025-01-25 11:00:00,B003,3.97
2025-01-25 12:00:00,B003,4.46
2025-01-25 13:00:00,B003,4.11
2025-01-25 14:00:00,B003,4.17
2025-01-25 15:00:00,B003,4.02
2025-01-25 16:00:00,B003,3.54
2025-01-25 17:00:00,B003,3.44
2025-01-25 18:00:00,B003,3.2
2025-01-25 19:00:00,B003,2.99
2025-01-25 20:00:00,B003,3.57
2025-01-25 21:00:00,B003,4.32
2025-01-25 22:00:00,B003,3.99
2025-01-25 23:00:00,B003,5.23
2025-01-26 00:00:00,B003,4.1
2025-01-26 01:00:00,B003,4.65
2025-01-26 02:00:00,B003,4.1
2025-01-26 03:00:00,B003,3.92
2025-01-26 04:00:00,B003,3.33
2025-01-26 05:00:00,B003,3.81
2025-01-26 06:00:00,B003,2.94
2025-01-26 07:00:00,B003,3.17
2025-01-26 08:00:00,B003,3.7
2025-01-26 09:00:00,B003,3.79
2025-01-26 10:00:00,B003,3.63
2025-01-26 11:00:00,B003,4.16
2025-01-26 12:00:00,B003,4.68
2025-01-26 13:00:00,B003,3.91
2025-01-26 14:00:00,B003,4.35
2025-01-26 15:00:00,B003,3.67
2025-01-26 16:00:00,B003,3.82
2025-01-26 17:00:00,B003,2.95
2025-01-26 18:00:00,B003,3.66
2025-01-26 19:00:00,B003,3.09
2025-01-26 20:00:00,B003,3.78
2025-01-26 21:00:00,B003,4.31
2025-01-26 22:00:00,B003,4.34
2025-01-26 23:00:00,B003,4.3
2025-01-27 00:00:00,B003,4.3
2025-01-27 01:00:00,B003,3.9
2025-01-27 02:00:00,B003,3.82
2025-01-27 03:00:00,B003,4.65
2025-01-27 04:00:00,B003,3.58
2025-01-27 05:00:00,B003,3.41
2025-01-27 06:00:00,B003,3.36
2025-01-27 07:00:00,B003,3.05
2025-01-27 08:00:00,B003,4.18
2025-01-27 09:00:00,B003,7.28
2025-01-27 10:00:00,B003,12.35
2025-01-27 11:00:00,B003,13.54
2025-01-27 12:00:00,B003,15.22
2025-01-27 13:00:00,B003,14.24
2025-01-27 14:00:00,B003,12.31
2025-01-27 15:00:00,B003,12.85
2025-01-27 16:00:00,B003,10.14
2025-01-27 17:00:00,B003,6.52
2025-01-27 18:00:00,B003,6.06
2025-01-27 19:00:00,B003,3.39
2025-01-27 20:00:00,B003,3.78
2025-01-27 21:00:00,B003,4.15
2025-01-27 22:00:00,B003,3.87
2025-01-27 23:00:00,B003,4.21
2025-01-28 00:00:00,B003,5.04
2025-01-28 01:00:00,B003,4.31
2025-01-28 02:00:00,B003,4.33
2025-01-28 03:00:00,B003,4.02
2025-01-28 04:00:00,B003,3.54
2025-01-28 05:00:00,B003,3.7
2025-01-28 06:00:00,B003,3.25
2025-01-28 07:00:00,B003,3.08
2025-01-28 08:00:00,B003,3.22
2025-01-28 09:00:00,B003,8.68
2025-01-28 10:00:00,B003,11.09
2025-01-28 11:00:00,B003,13.38
2025-01-28 12:00:00,B003,12.66
2025-01-28 13:00:00,B003,13.58
2025-01-28 14:00:00,B003,13.79
2025-01-28 15:00:00,B003,11.4
2025-01-28 16:00:00,B003,10.62
2025-01-28 17:00:00,B003,6.55
2025-01-28 18:00:00,B003,6.54
2025-01-28 19:00:00,B003,3.37
2025-01-28 20:00:00,B003,3.67
2025-01-28 21:00:00,B003,4.3
2025-01-28 22:00:00,B003,3.95
2025-01-28 23:00:00,B003,5.0
2025-01-29 00:00:00,B003,4.24
2025-01-29 01:00:00,B003,4.8
2025-01-29 02:00:00,B003,4.62
2025-01-29 03:00:00,B003,4.0
2025-01-29 04:00:00,B003,4.36
2025-01-29 05:00:00,B003,3.37
2025-01-29 06:00:00,B003,2.83
2025-01-29 07:00:00,B003,3.08
2025-01-29 08:00:00,B003,3.95
2025-01-29 09:00:00,B003,8.83
2025-01-29 10:00:00,B003,12.71
2025-01-29 11:00:00,B003,12.9
2025-01-29 12:00:00,B003,11.93
2025-01-29 13:00:00,B003,12.62
2025-01-29 14:00:00,B003,10.74
2025-01-29 15:00:00,B003,13.82
2025-01-29 16:00:00,B003,9.2
2025-01-29 17:00:00,B003,7.65
2025-01-29 18:00:00,B003,7.35
2025-01-29 19:00:00,B003,2.93
2025-01-29 20:00:00,B003,3.97
2025-01-29 21:00:00,B003,3.63
2025-01-29 22:00:00,B003,4.35
2025-01-29 23:00:00,B003,4.48
2025-01-30 00:00:00,B003,4.13
2025-01-30 01:00:00,B003,4.34
2025-01-30 02:00:00,B003,3.8
2025-01-30 03:00:00,B003,3.95
2025-01-30 04:00:00,B003,3.91
2025-01-30 05:00:00,B003,3.28
2025-01-30 06:00:00,B003,3.24
2025-01-30 07:00:00,B003,3.8
2025-01-30 08:00:00,B003,3.52
2025-01-30 09:00:00,B003,6.86
2025-01-30 10:00:00,B003,12.94
2025-01-30 11:00:00,B003,13.41
2025-01-30 12:00:00,B003,14.25
2025-01-30 13:00:00,B003,14.12
2025-01-30 14:00:00,B003,13.39
2025-01-30 15:00:00,B003,11.43
2025-01-30 16:00:00,B003,11.98
2025-01-30 17:00:00,B003,6.17
2025-01-30 18:00:00,B003,5.71
2025-01-30 19:00:00,B003,3.73
2025-01-30 20:00:00,B003,3.95
2025-01-30 21:00:00,B003,3.73
2025-01-30 22:00:00,B003,4.66
2025-01-30 23:00:00,B003,3.85
2025-01-31 00:00:00,B003,4.34
2025-01-31 01:00:00,B003,4.73
2025-01-31 02:00:00,B003,4.15
2025-01-31 03:00:00,B003,3.47
2025-01-31 04:00:00,B003,3.61
2025-01-31 05:00:00,B003,3.59
2025-01-31 06:00:00,B003,2.97
2025-01-31 07:00:00,B003,2.89
2025-01-31 08:00:00,B003,3.98
2025-01-31 09:00:00,B003,7.11
2025-01-31 10:00:00,B003,13.02
2025-01-31 11:00:00,B003,13.85
2025-01-31 12:00:00,B003,14.17
2025-01-31 13:00:00,B003,13.52
2025-01-31 14:00:00,B003,14.54
2025-01-31 15:00:00,B003,12.61
2025-01-31 16:00:00,B003,13.14
2025-01-31 17:00:00,B003,6.63
2025-01-31 18:00:00,B003,6.47
2025-01-31 19:00:00,B003,3.09
2025-01-31 20:00:00,B003,3.52
2025-01-31 21:00:00,B003,3.69
2025-01-31 22:00:00,B003,3.93
2025-01-31 23:00:00,B003,4.26
2025-01-01 00:00:00,B004,21.25
2025-01-01 01:00:00,B004,19.06
2025-01-01 02:00:00,B004,22.13
2025-01-01 03:00:00,B004,19.2
2025-01-01 04:00:00,B004,16.43
2025-01-01 05:00:00,B004,16.61
2025-01-01 06:00:00,B004,13.9
2025-01-01 07:00:00,B004,14.89
2025-01-01 08:00:00,B004,12.16
2025-01-01 09:00:00,B004,6.4
2025-01-01 10:00:00,B004,5.95
2025-01-01 11:00:00,B004,6.22
2025-01-01 12:00:00,B004,6.74
2025-01-01 13:00:00,B004,6.89
2025-01-01 14:00:00,B004,6.36
2025-01-01 15:00:00,B004,5.18
2025-01-01 16:00:00,B004,4.85
2025-01-01 17:00:00,B004,5.25
2025-01-01 18:00:00,B004,9.64
2025-01-01 19:00:00,B004,9.39
2025-01-01 20:00:00,B004,10.91
2025-01-01 21:00:00,B004,11.82
2025-01-01 22:00:00,B004,16.62
2025-01-01 23:00:00,B004,20.99
2025-01-02 00:00:00,B004,17.04
2025-01-02 01:00:00,B004,20.47
2025-01-02 02:00:00,B004,18.49
2025-01-02 03:00:00,B004,17.43
2025-01-02 04:00:00,B004,15.33
2025-01-02 05:00:00,B004,17.91
2025-01-02 06:00:00,B004,14.36
2025-01-02 07:00:00,B004,14.56
2025-01-02 08:00:00,B004,10.33
2025-01-02 09:00:00,B004,5.77
2025-01-02 10:00:00,B004,6.52
2025-01-02 11:00:00,B004,5.56
2025-01-02 12:00:00,B004,6.95
2025-01-02 13:00:00,B004,6.94
2025-01-02 14:00:00,B004,7.18
2025-01-02 15:00:00,B004,6.0
2025-01-02 16:00:00,B004,5.84
2025-01-02 17:00:00,B004,5.31
2025-01-02 18:00:00,B004,10.14
2025-01-02 19:00:00,B004,10.62
2025-01-02 20:00:00,B004,10.63
2025-01-02 21:00:00,B004,12.63
2025-01-02 22:00:00,B004,17.95
2025-01-02 23:00:00,B004,17.85
2025-01-03 00:00:00,B004,22.88
2025-01-03 01:00:00,B004,21.15
2025-01-03 02:00:00,B004,20.38
2025-01-03 03:00:00,B004,18.65
2025-01-03 04:00:00,B004,15.26
2025-01-03 05:00:00,B004,14.64
2025-01-03 06:00:00,B004,14.55
2025-01-03 07:00:00,B004,13.92
2025-01-03 08:00:00,B004,11.83
2025-01-03 09:00:00,B004,5.37
2025-01-03 10:00:00,B004,6.61
2025-01-03 11:00:00,B004,6.5
2025-01-03 12:00:00,B004,6.35
2025-01-03 13:00:00,B004,5.78
2025-01-03 14:00:00,B004,6.3
2025-01-03 15:00:00,B004,5.08
2025-01-03 16:00:00,B004,5.39
2025-01-03 17:00:00,B004,5.66
2025-01-03 18:00:00,B004,10.94
2025-01-03 19:00:00,B004,11.37
2025-01-03 20:00:00,B004,11.13
2025-01-03 21:00:00,B004,11.48
2025-01-03 22:00:00,B004,15.63
2025-01-03 23:00:00,B004,18.86
2025-01-04 00:00:00,B004,18.52
2025-01-04 01:00:00,B004,17.2
2025-01-04 02:00:00,B004,20.97
2025-01-04 03:00:00,B004,17.19
2025-01-04 04:00:00,B004,14.94
2025-01-04 05:00:00,B004,13.6
2025-01-04 06:00:00,B004,16.47
2025-01-04 07:00:00,B004,14.71
2025-01-04 08:00:00,B004,10.51
2025-01-04 09:00:00,B004,11.5
2025-01-04 10:00:00,B004,11.47
2025-01-04 11:00:00,B004,13.12
2025-01-04 12:00:00,B004,13.66
2025-01-04 13:00:00,B004,11.34
2025-01-04 14:00:00,B004,12.38
2025-01-04 15:00:00,B004,10.65
2025-01-04 16:00:00,B004,9.14
2025-01-04 17:00:00,B004,9.7
2025-01-04 18:00:00,B004,9.09
2025-01-04 19:00:00,B004,9.47
2025-01-04 20:00:00,B004,10.89
2025-01-04 21:00:00,B004,11.42
2025-01-04 22:00:00,B004,17.06
2025-01-04 23:00:00,B004,21.1
2025-01-05 00:00:00,B004,20.11
2025-01-05 01:00:00,B004,21.31
2025-01-05 02:00:00,B004,18.24
2025-01-05 03:00:00,B004,16.85
2025-01-05 04:00:00,B004,16.91
2025-01-05 05:00:00,B004,16.01
2025-01-05 06:00:00,B004,14.42
2025-01-05 07:00:00,B004,14.31
2025-01-05 08:00:00,B004,12.51
2025-01-05 09:00:00,B004,13.04
2025-01-05 10:00:00,B004,13.08
2025-01-05 11:00:00,B004,13.3
2025-01-05 12:00:00,B004,14.44
2025-01-05 13:00:00,B004,13.34
2025-01-05 14:00:00,B004,11.93
2025-01-05 15:00:00,B004,10.12
2025-01-05 16:00:00,B004,12.2
2025-01-05 17:00:00,B004,9.61
2025-01-05 18:00:00,B004,9.01
2025-01-05 19:00:00,B004,8.24
2025-01-05 20:00:00,B004,10.7
2025-01-05 21:00:00,B004,12.35
2025-01-05 22:00:00,B004,20.69
2025-01-05 23:00:00,B004,20.28
2025-01-06 00:00:00,B004,20.5
2025-01-06 01:00:00,B004,20.83
2025-01-06 02:00:00,B004,19.35
2025-01-06 03:00:00,B004,16.31
2025-01-06 04:00:00,B004,14.57
2025-01-06 05:00:00,B004,16.95
2025-01-06 06:00:00,B004,15.06
2025-01-06 07:00:00,B004,18.1
2025-01-06 08:00:00,B004,12.32
2025-01-06 09:00:00,B004,6.5
2025-01-06 10:00:00,B004,6.45
2025-01-06 11:00:00,B004,7.01
2025-01-06 12:00:00,B004,6.97
2025-01-06 13:00:00,B004,7.47
2025-01-06 14:00:00,B004,6.71
2025-01-06 15:00:00,B004,5.72
2025-01-06 16:00:00,B004,5.31
2025-01-06 17:00:00,B004,4.67
2025-01-06 18:00:00,B004,9.75
2025-01-06 19:00:00,B004,11.35
2025-01-06 20:00:00,B004,10.93
2025-01-06 21:00:00,B004,13.74
2025-01-06 22:00:00,B004,16.36
2025-01-06 23:00:00,B004,19.86
2025-01-07 00:00:00,B004,22.83
2025-01-07 01:00:00,B004,20.68
2025-01-07 02:00:00,B004,17.39
2025-01-07 03:00:00,B004,20.48
2025-01-07 04:00:00,B004,15.8
2025-01-07 05:00:00,B004,16.3
2025-01-07 06:00:00,B004,15.1
2025-01-07 07:00:00,B004,15.99
2025-01-07 08:00:00,B004,10.01
2025-01-07 09:00:00,B004,5.78
2025-01-07 10:00:00,B004,6.66
2025-01-07 11:00:00,B004,6.3
2025-01-07 12:00:00,B004,7.07
2025-01-07 13:00:00,B004,7.56
2025-01-07 14:00:00,B004,5.83
2025-01-07 15:00:00,B004,6.66
2025-01-07 16:00:00,B004,6.13
2025-01-07 17:00:00,B004,5.9
2025-01-07 18:00:00,B004,9.24
2025-01-07 19:00:00,B004,10.83
2025-01-07 20:00:00,B004,11.0
2025-01-07 21:00:00,B004,13.15
2025-01-07 22:00:00,B004,16.95
2025-01-07 23:00:00,B004,17.67
2025-01-08 00:00:00,B004,23.62
2025-01-08 01:00:00,B004,20.62
2025-01-08 02:00:00,B004,19.92
2025-01-08 03:00:00,B004,19.15
2025-01-08 04:00:00,B004,15.69
2025-01-08 05:00:00,B004,15.09
2025-01-08 06:00:00,B004,13.62
2025-01-08 07:00:00,B004,14.45
2025-01-08 08:00:00,B004,10.11
2025-01-08 09:00:00,B004,6.73
2025-01-08 10:00:00,B004,6.34
2025-01-08 11:00:00,B004,6.35
2025-01-08 12:00:00,B004,5.92
2025-01-08 13:00:00,B004,7.49
2025-01-08 14:00:00,B004,5.71
2025-01-08 15:00:00,B004,7.24
2025-01-08 16:00:00,B004,5.96
2025-01-08 17:00:00,B004,5.15
2025-01-08 18:00:00,B004,10.94
2025-01-08 19:00:00,B004,11.04
2025-01-08 20:00:00,B004,10.79
2025-01-08 21:00:00,B004,11.55
2025-01-08 22:00:00,B004,17.08
2025-01-08 23:00:00,B004,18.39
2025-01-09 00:00:00,B004,18.62
2025-01-09 01:00:00,B004,21.5
2025-01-09 02:00:00,B004,21.68
2025-01-09 03:00:00,B004,17.49
2025-01-09 04:00:00,B004,18.1
2025-01-09 05:00:00,B004,16.33
2025-01-09 06:00:00,B004,12.82
2025-01-09 07:00:00,B004,16.24
2025-01-09 08:00:00,B004,11.07
2025-01-09 09:00:00,B004,5.91
2025-01-09 10:00:00,B004,7.05
2025-01-09 11:00:00,B004,6.88
2025-01-09 12:00:00,B004,6.56
2025-01-09 13:00:00,B004,6.56
2025-01-09 14:00:00,B004,7.38
2025-01-09 15:00:00,B004,5.59
2025-01-09 16:00:00,B004,5.16
2025-01-09 17:00:00,B004,5.26
2025-01-09 18:00:00,B004,8.21
2025-01-09 19:00:00,B004,9.78
2025-01-09 20:00:00,B004,10.91
2025-01-09 21:00:00,B004,12.79
2025-01-09 22:00:00,B004,19.66
2025-01-09 23:00:00,B004,16.62
2025-01-10 00:00:00,B004,21.3
2025-01-10 01:00:00,B004,16.79
2025-01-10 02:00:00,B004,16.5
2025-01-10 03:00:00,B004,17.71
2025-01-10 04:00:00,B004,14.86
2025-01-10 05:00:00,B004,14.58
2025-01-10 06:00:00,B004,13.54
2025-01-10 07:00:00,B004,16.77
2025-01-10 08:00:00,B004,9.53
2025-01-10 09:00:00,B004,5.88
2025-01-10 10:00:00,B004,6.52
2025-01-10 11:00:00,B004,6.41
2025-01-10 12:00:00,B004,6.23
2025-01-10 13:00:00,B004,6.61
2025-01-10 14:00:00,B004,5.85
2025-01-10 15:00:00,B004,6.2
2025-01-10 16:00:00,B004,4.81
2025-01-10 17:00:00,B004,4.84
2025-01-10 18:00:00,B004,9.17
2025-01-10 19:00:00,B004,10.89
2025-01-10 20:00:00,B004,9.74
2025-01-10 21:00:00,B004,9.93
2025-01-10 22:00:00,B004,18.59
2025-01-10 23:00:00,B004,19.43
2025-01-11 00:00:00,B004,24.04
2025-01-11 01:00:00,B004,18.4
2025-01-11 02:00:00,B004,21.73
2025-01-11 03:00:00,B004,21.63
2025-01-11 04:00:00,B004,14.63
2025-01-11 05:00:00,B004,13.71
2025-01-11 06:00:00,B004,13.39
2025-01-11 07:00:00,B004,15.25
2025-01-11 08:00:00,B004,11.5
2025-01-11 09:00:00,B004,12.9
2025-01-11 10:00:00,B004,12.39
2025-01-11 11:00:00,B004,14.68
2025-01-11 12:00:00,B004,12.97
2025-01-11 13:00:00,B004,12.44
2025-01-11 14:00:00,B004,12.93
2025-01-11 15:00:00,B004,11.41
2025-01-11 16:00:00,B004,10.84
2025-01-11 17:00:00,B004,9.81
2025-01-11 18:00:00,B004,9.99
2025-01-11 19:00:00,B004,10.84
2025-01-11 20:00:00,B004,10.95
2025-01-11 21:00:00,B004,11.02
2025-01-11 22:00:00,B004,18.71
2025-01-11 23:00:00,B004,19.04
2025-01-12 00:00:00,B004,22.44
2025-01-12 01:00:00,B004,19.64
2025-01-12 02:00:00,B004,17.37
2025-01-12 03:00:00,B004,19.02
2025-01-12 04:00:00,B004,18.02
2025-01-12 05:00:00,B004,15.31
2025-01-12 06:00:00,B004,13.06
2025-01-12 07:00:00,B004,13.97
2025-01-12 08:00:00,B004,10.06
2025-01-12 09:00:00,B004,13.61
2025-01-12 10:00:00,B004,12.64
2025-01-12 11:00:00,B004,12.09
2025-01-12 12:00:00,B004,12.16
2025-01-12 13:00:00,B004,13.03
2025-01-12 14:00:00,B004,14.46
2025-01-12 15:00:00,B004,12.38
2025-01-12 16:00:00,B004,10.68
2025-01-12 17:00:00,B004,9.48
2025-01-12 18:00:00,B004,10.82
2025-01-12 19:00:00,B004,10.89
2025-01-12 20:00:00,B004,12.06
2025-01-12 21:00:00,B004,12.29
2025-01-12 22:00:00,B004,20.17
2025-01-12 23:00:00,B004,22.68
2025-01-13 00:00:00,B004,19.94
2025-01-13 01:00:00,B004,18.61
2025-01-13 02:00:00,B004,19.89
2025-01-13 03:00:00,B004,15.52
2025-01-13 04:00:00,B004,16.43
2025-01-13 05:00:00,B004,13.48
2025-01-13 06:00:00,B004,13.59
2025-01-13 07:00:00,B004,14.76
2025-01-13 08:00:00,B004,9.42
2025-01-13 09:00:00,B004,5.62
2025-01-13 10:00:00,B004,6.1
2025-01-13 11:00:00,B004,6.34
2025-01-13 12:00:00,B004,6.16
2025-01-13 13:00:00,B004,5.38
2025-01-13 14:00:00,B004,5.46
2025-01-13 15:00:00,B004,5.08
2025-01-13 16:00:00,B004,5.83
2025-01-13 17:00:00,B004,4.73
2025-01-13 18:00:00,B004,10.38
2025-01-13 19:00:00,B004,10.19
2025-01-13 20:00:00,B004,11.52
2025-01-13 21:00:00,B004,12.65
2025-01-13 22:00:00,B004,17.8
2025-01-13 23:00:00,B004,16.35
2025-01-14 00:00:00,B004,21.89
2025-01-14 01:00:00,B004,19.68
2025-01-14 02:00:00,B004,18.76
2025-01-14 03:00:00,B004,15.73
2025-01-14 04:00:00,B004,16.8
2025-01-14 05:00:00,B004,16.92
2025-01-14 06:00:00,B004,14.86
2025-01-14 07:00:00,B004,17.62
2025-01-14 08:00:00,B004,10.59
2025-01-14 09:00:00,B004,7.01
2025-01-14 10:00:00,B004,6.66
2025-01-14 11:00:00,B004,6.66
2025-01-14 12:00:00,B004,5.81
2025-01-14 13:00:00,B004,6.63
2025-01-14 14:00:00,B004,6.77
2025-01-14 15:00:00,B004,6.24
2025-01-14 16:00:00,B004,4.67
2025-01-14 17:00:00,B004,4.66
2025-01-14 18:00:00,B004,10.19
2025-01-14 19:00:00,B004,11.22
2025-01-14 20:00:00,B004,12.59
2025-01-14 21:00:00,B004,11.93
2025-01-14 22:00:00,B004,20.02
2025-01-14 23:00:00,B004,16.35
2025-01-15 00:00:00,B004,24.82
2025-01-15 01:00:00,B004,19.24
2025-01-15 02:00:00,B004,17.95
2025-01-15 03:00:00,B004,19.31
2025-01-15 04:00:00,B004,17.93
2025-01-15 05:00:00,B004,16.61
2025-01-15 06:00:00,B004,15.25
2025-01-15 07:00:00,B004,13.18
2025-01-15 08:00:00,B004,11.86
2025-01-15 09:00:00,B004,5.84
2025-01-15 10:00:00,B004,6.24
2025-01-15 11:00:00,B004,6.51
2025-01-15 12:00:00,B004,6.15
2025-01-15 13:00:00,B004,5.88
2025-01-15 14:00:00,B004,6.24
2025-01-15 15:00:00,B004,4.96
2025-01-15 16:00:00,B004,5.48
2025-01-15 17:00:00,B004,5.84
2025-01-15 18:00:00,B004,10.91
2025-01-15 19:00:00,B004,9.56
2025-01-15 20:00:00,B004,12.57
2025-01-15 21:00:00,B004,13.1
2025-01-15 22:00:00,B004,18.41
2025-01-15 23:00:00,B004,18.99
2025-01-16 00:00:00,B004,20.03
2025-01-16 01:00:00,B004,18.54
2025-01-16 02:00:00,B004,21.35
2025-01-16 03:00:00,B004,19.93
2025-01-16 04:00:00,B004,15.66
2025-01-16 05:00:00,B004,15.11
2025-01-16 06:00:00,B004,13.55
2025-01-16 07:00:00,B004,15.28
2025-01-16 08:00:00,B004,10.03
2025-01-16 09:00:00,B004,5.68
2025-01-16 10:00:00,B004,5.62
2025-01-16 11:00:00,B004,7.05
2025-01-16 12:00:00,B004,7.47
2025-01-16 13:00:00,B004,7.11
2025-01-16 14:00:00,B004,7.3
2025-01-16 15:00:00,B004,6.28
2025-01-16 16:00:00,B004,5.3
2025-01-16 17:00:00,B004,4.8
2025-01-16 18:00:00,B004,11.72
2025-01-16 19:00:00,B004,9.21
2025-01-16 20:00:00,B004,11.27
2025-01-16 21:00:00,B004,11.72
2025-01-16 22:00:00,B004,19.21
2025-01-16 23:00:00,B004,20.98
2025-01-17 00:00:00,B004,18.39
2025-01-17 01:00:00,B004,17.82
2025-01-17 02:00:00,B004,17.83
2025-01-17 03:00:00,B004,18.78
2025-01-17 04:00:00,B004,17.32
2025-01-17 05:00:00,B004,12.81
2025-01-17 06:00:00,B004,14.62
2025-01-17 07:00:00,B004,13.41
2025-01-17 08:00:00,B004,11.95
2025-01-17 09:00:00,B004,5.92
2025-01-17 10:00:00,B004,6.39
2025-01-17 11:00:00,B004,7.06
2025-01-17 12:00:00,B004,7.09
2025-01-17 13:00:00,B004,6.84
2025-01-17 14:00:00,B004,5.65
2025-01-17 15:00:00,B004,6.02
2025-01-17 16:00:00,B004,5.4
2025-01-17 17:00:00,B004,5.87
2025-01-17 18:00:00,B004,9.72
2025-01-17 19:00:00,B004,10.45
2025-01-17 20:00:00,B004,10.61
2025-01-17 21:00:00,B004,12.87
2025-01-17 22:00:00,B004,18.27
2025-01-17 23:00:00,B004,18.69
2025-01-18 00:00:00,B004,21.11
2025-01-18 01:00:00,B004,19.85
2025-01-18 02:00:00,B004,20.82
2025-01-18 03:00:00,B004,19.21
2025-01-18 04:00:00,B004,18.51
2025-01-18 05:00:00,B004,14.02
2025-01-18 06:00:00,B004,14.0
2025-01-18 07:00:00,B004,14.57
2025-01-18 08:00:00,B004,9.54
2025-01-18 09:00:00,B004,13.11
2025-01-18 10:00:00,B004,12.16
2025-01-18 11:00:00,B004,12.74
2025-01-18 12:00:00,B004,13.79
2025-01-18 13:00:00,B004,12.77
2025-01-18 14:00:00,B004,13.28
2025-01-18 15:00:00,B004,12.78
2025-01-18 16:00:00,B004,9.91
2025-01-18 17:00:00,B004,11.25
2025-01-18 18:00:00,B004,9.92
2025-01-18 19:00:00,B004,9.69
2025-01-18 20:00:00,B004,9.95
2025-01-18 21:00:00,B004,14.17
2025-01-18 22:00:00,B004,20.23
2025-01-18 23:00:00,B004,18.3
2025-01-19 00:00:00,B004,22.26
2025-01-19 01:00:00,B004,19.25
2025-01-19 02:00:00,B004,18.12
2025-01-19 03:00:00,B004,15.39
2025-01-19 04:00:00,B004,17.03
2025-01-19 05:00:00,B004,14.45
2025-01-19 06:00:00,B004,16.52
2025-01-19 07:00:00,B004,14.81
2025-01-19 08:00:00,B004,12.51
2025-01-19 09:00:00,B004,10.38
2025-01-19 10:00:00,B004,13.18
2025-01-19 11:00:00,B004,13.15
2025-01-19 12:00:00,B004,13.99
2025-01-19 13:00:00,B004,14.48
2025-01-19 14:00:00,B004,10.98
2025-01-19 15:00:00,B004,11.31
2025-01-19 16:00:00,B004,9.45
2025-01-19 17:00:00,B004,11.25
2025-01-19 18:00:00,B004,9.78
2025-01-19 19:00:00,B004,9.02
2025-01-19 20:00:00,B004,9.74
2025-01-19 21:00:00,B004,13.74
2025-01-19 22:00:00,B004,20.08
2025-01-19 23:00:00,B004,19.63
2025-01-20 00:00:00,B004,19.68
2025-01-20 01:00:00,B004,20.54
2025-01-20 02:00:00,B004,22.02
2025-01-20 03:00:00,B004,17.0
2025-01-20 04:00:00,B004,16.69
2025-01-20 05:00:00,B004,13.47
2025-01-20 06:00:00,B004,14.26
2025-01-20 07:00:00,B004,16.34
2025-01-20 08:00:00,B004,11.04
2025-01-20 09:00:00,B004,6.2
2025-01-20 10:00:00,B004,6.94
2025-01-20 11:00:00,B004,5.94
2025-01-20 12:00:00,B004,7.64
2025-01-20 13:00:00,B004,6.53
2025-01-20 14:00:00,B004,5.69
2025-01-20 15:00:00,B004,6.64
2025-01-20 16:00:00,B004,5.86
2025-01-20 17:00:00,B004,5.63
2025-01-20 18:00:00,B004,9.09
2025-01-20 19:00:00,B004,9.35
2025-01-20 20:00:00,B004,12.1
2025-01-20 21:00:00,B004,11.04
2025-01-20 22:00:00,B004,16.66
2025-01-20 23:00:00,B004,18.67
2025-01-21 00:00:00,B004,21.45
2025-01-21 01:00:00,B004,19.62
2025-01-21 02:00:00,B004,18.81
2025-01-21 03:00:00,B004,19.19
2025-01-21 04:00:00,B004,15.54
2025-01-21 05:00:00,B004,14.96
2025-01-21 06:00:00,B004,12.56
2025-01-21 07:00:00,B004,14.17
2025-01-21 08:00:00,B004,12.21
2025-01-21 09:00:00,B004,5.9
2025-01-21 10:00:00,B004,5.93
2025-01-21 11:00:00,B004,6.83
2025-01-21 12:00:00,B004,6.51
2025-01-21 13:00:00,B004,6.65
2025-01-21 14:00:00,B004,5.89
2025-01-21 15:00:00,B004,5.51
2025-01-21 16:00:00,B004,5.13
2025-01-21 17:00:00,B004,5.11
2025-01-21 18:00:00,B004,9.13
2025-01-21 19:00:00,B004,11.64
2025-01-21 20:00:00,B004,12.8
2025-01-21 21:00:00,B004,11.83
2025-01-21 22:00:00,B004,19.85
2025-01-21 23:00:00,B004,20.38
2025-01-22 00:00:00,B004,19.27
2025-01-22 01:00:00,B004,19.03
2025-01-22 02:00:00,B004,21.75
2025-01-22 03:00:00,B004,16.73
2025-01-22 04:00:00,B004,13.52
2025-01-22 05:00:00,B004,14.94
2025-01-22 06:00:00,B004,13.6
2025-01-22 07:00:00,B004,14.72
2025-01-22 08:00:00,B004,12.07
2025-01-22 09:00:00,B004,5.69
2025-01-22 10:00:00,B004,7.05
2025-01-22 11:00:00,B004,6.48
2025-01-22 12:00:00,B004,6.04
2025-01-22 13:00:00,B004,7.01
2025-01-22 14:00:00,B004,5.62
2025-01-22 15:00:00,B004,5.09
2025-01-22 16:00:00,B004,4.79
2025-01-22 17:00:00,B004,5.38
2025-01-22 18:00:00,B004,9.99
2025-01-22 19:00:00,B004,10.46
2025-01-22 20:00:00,B004,10.41
2025-01-22 21:00:00,B004,12.19
2025-01-22 22:00:00,B004,19.83
2025-01-22 23:00:00,B004,17.98
2025-01-23 00:00:00,B004,18.49
2025-01-23 01:00:00,B004,18.34
2025-01-23 02:00:00,B004,17.89
2025-01-23 03:00:00,B004,19.03
2025-01-23 04:00:00,B004,18.14
2025-01-23 05:00:00,B004,14.56
2025-01-23 06:00:00,B004,14.38
2025-01-23 07:00:00,B004,15.41
2025-01-23 08:00:00,B004,13.68
2025-01-23 09:00:00,B004,7.41
2025-01-23 10:00:00,B004,6.37
2025-01-23 11:00:00,B004,7.18
2025-01-23 12:00:00,B004,6.49
2025-01-23 13:00:00,B004,5.86
2025-01-23 14:00:00,B004,7.02
2025-01-23 15:00:00,B004,5.58
2025-01-23 16:00:00,B004,4.89
2025-01-23 17:00:00,B004,5.51
2025-01-23 18:00:00,B004,9.4
2025-01-23 19:00:00,B004,9.77
2025-01-23 20:00:00,B004,10.26
2025-01-23 21:00:00,B004,11.86
2025-01-23 22:00:00,B004,20.9
2025-01-23 23:00:00,B004,20.31
2025-01-24 00:00:00,B004,21.86
2025-01-24 01:00:00,B004,20.07
2025-01-24 02:00:00,B004,22.54
2025-01-24 03:00:00,B004,17.9
2025-01-24 04:00:00,B004,17.82
2025-01-24 05:00:00,B004,16.72
2025-01-24 06:00:00,B004,13.69
2025-01-24 07:00:00,B004,17.73
2025-01-24 08:00:00,B004,13.51
2025-01-24 09:00:00,B004,5.85
2025-01-24 10:00:00,B004,5.56
2025-01-24 11:00:00,B004,6.32
2025-01-24 12:00:00,B004,5.59
2025-01-24 13:00:00,B004,7.44
2025-01-24 14:00:00,B004,5.34
2025-01-24 15:00:00,B004,5.34
2025-01-24 16:00:00,B004,5.65
2025-01-24 17:00:00,B004,4.6
2025-01-24 18:00:00,B004,10.54
2025-01-24 19:00:00,B004,12.42
2025-01-24 20:00:00,B004,11.58
2025-01-24 21:00:00,B004,11.37
2025-01-24 22:00:00,B004,19.66
2025-01-24 23:00:00,B004,19.78
2025-01-25 00:00:00,B004,18.51
2025-01-25 01:00:00,B004,19.45
2025-01-25 02:00:00,B004,18.74
2025-01-25 03:00:00,B004,19.29
2025-01-25 04:00:00,B004,14.72
2025-01-25 05:00:00,B004,14.71
2025-01-25 06:00:00,B004,17.16
2025-01-25 07:00:00,B004,17.01
2025-01-25 08:00:00,B004,11.5
2025-01-25 09:00:00,B004,13.58
2025-01-25 10:00:00,B004,11.53
2025-01-25 11:00:00,B004,12.91
2025-01-25 12:00:00,B004,13.51
2025-01-25 13:00:00,B004,12.88
2025-01-25 14:00:00,B004,12.01
2025-01-25 15:00:00,B004,13.03
2025-01-25 16:00:00,B004,11.59
2025-01-25 17:00:00,B004,9.85
2025-01-25 18:00:00,B004,9.02
2025-01-25 19:00:00,B004,9.73
2025-01-25 20:00:00,B004,10.54
2025-01-25 21:00:00,B004,12.71
2025-01-25 22:00:00,B004,17.8
2025-01-25 23:00:00,B004,21.33
2025-01-26 00:00:00,B004,17.88
2025-01-26 01:00:00,B004,20.64
2025-01-26 02:00:00,B004,20.19
2025-01-26 03:00:00,B004,18.66
2025-01-26 04:00:00,B004,16.61
2025-01-26 05:00:00,B004,15.45
2025-01-26 06:00:00,B004,14.58
2025-01-26 07:00:00,B004,13.73
2025-01-26 08:00:00,B004,10.42
2025-01-26 09:00:00,B004,12.35
2025-01-26 10:00:00,B004,12.36
2025-01-26 11:00:00,B004,14.81
2025-01-26 12:00:00,B004,15.25
2025-01-26 13:00:00,B004,11.27
2025-01-26 14:00:00,B004,14.23
2025-01-26 15:00:00,B004,11.11
2025-01-26 16:00:00,B004,11.72
2025-01-26 17:00:00,B004,8.56
2025-01-26 18:00:00,B004,11.34
2025-01-26 19:00:00,B004,9.47
2025-01-26 20:00:00,B004,11.88
2025-01-26 21:00:00,B004,12.14
2025-01-26 22:00:00,B004,18.97
2025-01-26 23:00:00,B004,18.99
2025-01-27 00:00:00,B004,20.93
2025-01-27 01:00:00,B004,18.09
2025-01-27 02:00:00,B004,16.87
2025-01-27 03:00:00,B004,19.62
2025-01-27 04:00:00,B004,15.17
2025-01-27 05:00:00,B004,14.34
2025-01-27 06:00:00,B004,13.89
2025-01-27 07:00:00,B004,14.44
2025-01-27 08:00:00,B004,11.91
2025-01-27 09:00:00,B004,5.27
2025-01-27 10:00:00,B004,5.98
2025-01-27 11:00:00,B004,6.52
2025-01-27 12:00:00,B004,7.27
2025-01-27 13:00:00,B004,7.98
2025-01-27 14:00:00,B004,6.69
2025-01-27 15:00:00,B004,7.21
2025-01-27 16:00:00,B004,5.09
2025-01-27 17:00:00,B004,4.44
2025-01-27 18:00:00,B004,8.88
2025-01-27 19:00:00,B004,10.28
2025-01-27 20:00:00,B004,11.74
2025-01-27 21:00:00,B004,12.33
2025-01-27 22:00:00,B004,18.69
2025-01-27 23:00:00,B004,19.92
2025-01-28 00:00:00,B004,22.64
2025-01-28 01:00:00,B004,17.83
2025-01-28 02:00:00,B004,19.09
2025-01-28 03:00:00,B004,17.36
2025-01-28 04:00:00,B004,17.89
2025-01-28 05:00:00,B004,15.15
2025-01-28 06:00:00,B004,14.69
2025-01-28 07:00:00,B004,13.65
2025-01-28 08:00:00,B004,9.89
2025-01-28 09:00:00,B004,6.35
2025-01-28 10:00:00,B004,5.71
2025-01-28 11:00:00,B004,7.29
2025-01-28 12:00:00,B004,6.53
2025-01-28 13:00:00,B004,6.99
2025-01-28 14:00:00,B004,6.36
2025-01-28 15:00:00,B004,5.81
2025-01-28 16:00:00,B004,5.13
2025-01-28 17:00:00,B004,5.33
2025-01-28 18:00:00,B004,10.44
2025-01-28 19:00:00,B004,9.49
2025-01-28 20:00:00,B004,11.42
2025-01-28 21:00:00,B004,12.03
2025-01-28 22:00:00,B004,19.27
2025-01-28 23:00:00,B004,21.71
2025-01-29 00:00:00,B004,17.91
2025-01-29 01:00:00,B004,22.2
2025-01-29 02:00:00,B004,20.14
2025-01-29 03:00:00,B004,20.91
2025-01-29 04:00:00,B004,17.62
2025-01-29 05:00:00,B004,15.53
2025-01-29 06:00:00,B004,13.15
2025-01-29 07:00:00,B004,15.49
2025-01-29 08:00:00,B004,10.09
2025-01-29 09:00:00,B004,6.07
2025-01-29 10:00:00,B004,7.01
2025-01-29 11:00:00,B004,6.66
2025-01-29 12:00:00,B004,6.21
2025-01-29 13:00:00,B004,6.65
2025-01-29 14:00:00,B004,5.5
2025-01-29 15:00:00,B004,6.89
2025-01-29 16:00:00,B004,4.62
2025-01-29 17:00:00,B004,5.81
2025-01-29 18:00:00,B004,9.69
2025-01-29 19:00:00,B004,8.71
2025-01-29 20:00:00,B004,11.22
2025-01-29 21:00:00,B004,12.05
2025-01-29 22:00:00,B004,21.17
2025-01-29 23:00:00,B004,18.79
2025-01-30 00:00:00,B004,18.02
2025-01-30 01:00:00,B004,19.55
2025-01-30 02:00:00,B004,17.49
2025-01-30 03:00:00,B004,16.85
2025-01-30 04:00:00,B004,18.11
2025-01-30 05:00:00,B004,14.25
2025-01-30 06:00:00,B004,14.49
2025-01-30 07:00:00,B004,16.47
2025-01-30 08:00:00,B004,10.81
2025-01-30 09:00:00,B004,5.31
2025-01-30 10:00:00,B004,6.33
2025-01-30 11:00:00,B004,6.33
2025-01-30 12:00:00,B004,6.49
2025-01-30 13:00:00,B004,7.84
2025-01-30 14:00:00,B004,7.06
2025-01-30 15:00:00,B004,6.06
2025-01-30 16:00:00,B004,5.48
2025-01-30 17:00:00,B004,5.1
2025-01-30 18:00:00,B004,8.92
2025-01-30 19:00:00,B004,10.22
2025-01-30 20:00:00,B004,11.88
2025-01-30 21:00:00,B004,13.3
2025-01-30 22:00:00,B004,18.38
2025-01-30 23:00:00,B004,17.01
2025-01-31 00:00:00,B004,22.57
2025-01-31 01:00:00,B004,22.61
2025-01-31 02:00:00,B004,16.74
2025-01-31 03:00:00,B004,15.2
2025-01-31 04:00:00,B004,15.5
2025-01-31 05:00:00,B004,16.35
2025-01-31 06:00:00,B004,13.65
2025-01-31 07:00:00,B004,14.45
2025-01-31 08:00:00,B004,11.42
2025-01-31 09:00:00,B004,5.66
2025-01-31 10:00:00,B004,6.34
2025-01-31 11:00:00,B004,5.7
2025-01-31 12:00:00,B004,7.23
2025-01-31 13:00:00,B004,7.01
2025-01-31 14:00:00,B004,7.28
2025-01-31 15:00:00,B004,6.39
2025-01-31 16:00:00,B004,6.47
2025-01-31 17:00:00,B004,5.01
2025-01-31 18:00:00,B004,9.58
2025-01-31 19:00:00,B004,8.92
2025-01-31 20:00:00,B004,10.86
2025-01-31 21:00:00,B004,11.87
2025-01-31 22:00:00,B004,20.22
2025-01-31 23:00:00,B004,18.16
2025-01-01 00:00:00,B005,3.32
2025-01-01 01:00:00,B005,3.69
2025-01-01 02:00:00,B005,3.74
2025-01-01 03:00:00,B005,2.88
2025-01-01 04:00:00,B005,2.98
2025-01-01 05:00:00,B005,2.74
2025-01-01 06:00:00,B005,2.35
2025-01-01 07:00:00,B005,2.36
2025-01-01 08:00:00,B005,6.05
2025-01-01 09:00:00,B005,9.08
2025-01-01 10:00:00,B005,9.84
2025-01-01 11:00:00,B005,11.0
2025-01-01 12:00:00,B005,10.73
2025-01-01 13:00:00,B005,10.81
2025-01-01 14:00:00,B005,9.49
2025-01-01 15:00:00,B005,8.35
2025-01-01 16:00:00,B005,5.12
2025-01-01 17:00:00,B005,5.96
2025-01-01 18:00:00,B005,2.29
2025-01-01 19:00:00,B005,2.37
2025-01-01 20:00:00,B005,2.91
2025-01-01 21:00:00,B005,3.01
2025-01-01 22:00:00,B005,3.2
2025-01-01 23:00:00,B005,3.42
2025-01-02 00:00:00,B005,3.05
2025-01-02 01:00:00,B005,3.43
2025-01-02 02:00:00,B005,3.05
2025-01-02 03:00:00,B005,2.86
2025-01-02 04:00:00,B005,2.85
2025-01-02 05:00:00,B005,2.88
2025-01-02 06:00:00,B005,2.55
2025-01-02 07:00:00,B005,2.42
2025-01-02 08:00:00,B005,5.83
2025-01-02 09:00:00,B005,9.74
2025-01-02 10:00:00,B005,10.57
2025-01-02 11:00:00,B005,9.92
2025-01-02 12:00:00,B005,10.82
2025-01-02 13:00:00,B005,11.97
2025-01-02 14:00:00,B005,10.91
2025-01-02 15:00:00,B005,8.48
2025-01-02 16:00:00,B005,5.88
2025-01-02 17:00:00,B005,5.52
2025-01-02 18:00:00,B005,2.72
2025-01-02 19:00:00,B005,2.68
2025-01-02 20:00:00,B005,2.55
2025-01-02 21:00:00,B005,3.43
2025-01-02 22:00:00,B005,3.05
2025-01-02 23:00:00,B005,2.83
2025-01-03 00:00:00,B005,3.75
2025-01-03 01:00:00,B005,3.8
2025-01-03 02:00:00,B005,3.44
2025-01-03 03:00:00,B005,3.59
2025-01-03 04:00:00,B005,2.62
2025-01-03 05:00:00,B005,2.37
2025-01-03 06:00:00,B005,2.51
2025-01-03 07:00:00,B005,2.3
2025-01-03 08:00:00,B005,6.29
2025-01-03 09:00:00,B005,8.98
2025-01-03 10:00:00,B005,10.39
2025-01-03 11:00:00,B005,10.57
2025-01-03 12:00:00,B005,9.61
2025-01-03 13:00:00,B005,8.58
2025-01-03 14:00:00,B005,10.27
2025-01-03 15:00:00,B005,8.52
2025-01-03 16:00:00,B005,5.28
2025-01-03 17:00:00,B005,5.27
2025-01-03 18:00:00,B005,2.85
2025-01-03 19:00:00,B005,2.81
2025-01-03 20:00:00,B005,2.81
2025-01-03 21:00:00,B005,3.07
2025-01-03 22:00:00,B005,3.02
2025-01-03 23:00:00,B005,3.52
2025-01-04 00:00:00,B005,3.48
2025-01-04 01:00:00,B005,3.21
2025-01-04 02:00:00,B005,4.09
2025-01-04 03:00:00,B005,3.1
2025-01-04 04:00:00,B005,2.77
2025-01-04 05:00:00,B005,2.38
2025-01-04 06:00:00,B005,2.91
2025-01-04 07:00:00,B005,2.52
2025-01-04 08:00:00,B005,2.98
2025-01-04 09:00:00,B005,2.68
2025-01-04 10:00:00,B005,2.98
2025-01-04 11:00:00,B005,3.51
2025-01-04 12:00:00,B005,3.33
2025-01-04 13:00:00,B005,3.13
2025-01-04 14:00:00,B005,3.58
2025-01-04 15:00:00,B005,3.01
2025-01-04 16:00:00,B005,2.47
2025-01-04 17:00:00,B005,2.68
2025-01-04 18:00:00,B005,2.65
2025-01-04 19:00:00,B005,2.15
2025-01-04 20:00:00,B005,3.25
2025-01-04 21:00:00,B005,2.81
2025-01-04 22:00:00,B005,2.84
2025-01-04 23:00:00,B005,3.46
2025-01-05 00:00:00,B005,3.45
2025-01-05 01:00:00,B005,3.73
2025-01-05 02:00:00,B005,3.16
2025-01-05 03:00:00,B005,3.27
2025-01-05 04:00:00,B005,2.94
2025-01-05 05:00:00,B005,2.75
2025-01-05 06:00:00,B005,2.35
2025-01-05 07:00:00,B005,2.49
2025-01-05 08:00:00,B005,3.0
2025-01-05 09:00:00,B005,3.07
2025-01-05 10:00:00,B005,3.53
2025-01-05 11:00:00,B005,3.52
2025-01-05 12:00:00,B005,4.01
2025-01-05 13:00:00,B005,3.38
2025-01-05 14:00:00,B005,3.39
2025-01-05 15:00:00,B005,2.63
2025-01-05 16:00:00,B005,3.04
2025-01-05 17:00:00,B005,2.78
2025-01-05 18:00:00,B005,2.28
2025-01-05 19:00:00,B005,2.46
2025-01-05 20:00:00,B005,2.7
2025-01-05 21:00:00,B005,3.14
2025-01-05 22:00:00,B005,3.75
2025-01-05 23:00:00,B005,3.21
2025-01-06 00:00:00,B005,3.4
2025-01-06 01:00:00,B005,3.21
2025-01-06 02:00:00,B005,3.66
2025-01-06 03:00:00,B005,2.93
2025-01-06 04:00:00,B005,2.78
2025-01-06 05:00:00,B005,2.9
2025-01-06 06:00:00,B005,2.68
2025-01-06 07:00:00,B005,3.05
2025-01-06 08:00:00,B005,5.61
2025-01-06 09:00:00,B005,9.4
2025-01-06 10:00:00,B005,10.46
2025-01-06 11:00:00,B005,11.49
2025-01-06 12:00:00,B005,11.52
2025-01-06 13:00:00,B005,11.52
2025-01-06 14:00:00,B005,10.04
2025-01-06 15:00:00,B005,8.57
2025-01-06 16:00:00,B005,6.28
2025-01-06 17:00:00,B005,4.98
2025-01-06 18:00:00,B005,2.62
2025-01-06 19:00:00,B005,2.87
2025-01-06 20:00:00,B005,2.77
2025-01-06 21:00:00,B005,3.57
2025-01-06 22:00:00,B005,2.94
2025-01-06 23:00:00,B005,3.72
2025-01-07 00:00:00,B005,3.24
2025-01-07 01:00:00,B005,3.67
2025-01-07 02:00:00,B005,3.27
2025-01-07 03:00:00,B005,3.2
2025-01-07 04:00:00,B005,2.96
2025-01-07 05:00:00,B005,3.02
2025-01-07 06:00:00,B005,2.61
2025-01-07 07:00:00,B005,2.99
2025-01-07 08:00:00,B005,6.05
2025-01-07 09:00:00,B005,9.36
2025-01-07 10:00:00,B005,9.38
2025-01-07 11:00:00,B005,9.71
2025-01-07 12:00:00,B005,10.66
2025-01-07 13:00:00,B005,11.21
2025-01-07 14:00:00,B005,10.2
2025-01-07 15:00:00,B005,10.92
2025-01-07 16:00:00,B005,5.93
2025-01-07 17:00:00,B005,5.93
2025-01-07 18:00:00,B005,2.28
2025-01-07 19:00:00,B005,2.64
2025-01-07 20:00:00,B005,3.39
2025-01-07 21:00:00,B005,2.9
2025-01-07 22:00:00,B005,3.3
2025-01-07 23:00:00,B005,2.96
2025-01-08 00:00:00,B005,3.68
2025-01-08 01:00:00,B005,3.58
2025-01-08 02:00:00,B005,3.5
2025-01-08 03:00:00,B005,3.32
2025-01-08 04:00:00,B005,2.92
2025-01-08 05:00:00,B005,2.72
2025-01-08 06:00:00,B005,2.22
2025-01-08 07:00:00,B005,2.93
2025-01-08 08:00:00,B005,5.0
2025-01-08 09:00:00,B005,11.19
2025-01-08 10:00:00,B005,9.57
2025-01-08 11:00:00,B005,9.51
2025-01-08 12:00:00,B005,9.35
2025-01-08 13:00:00,B005,9.94
2025-01-08 14:00:00,B005,9.92
2025-01-08 15:00:00,B005,11.31
2025-01-08 16:00:00,B005,6.34
2025-01-08 17:00:00,B005,4.98
2025-01-08 18:00:00,B005,2.87
2025-01-08 19:00:00,B005,2.85
2025-01-08 20:00:00,B005,2.97
2025-01-08 21:00:00,B005,3.3
2025-01-08 22:00:00,B005,3.09
2025-01-08 23:00:00,B005,3.59
2025-01-09 00:00:00,B005,3.37
2025-01-09 01:00:00,B005,3.47
2025-01-09 02:00:00,B005,3.63
2025-01-09 03:00:00,B005,3.12
2025-01-09 04:00:00,B005,3.13
2025-01-09 05:00:00,B005,2.83
2025-01-09 06:00:00,B005,2.51
2025-01-09 07:00:00,B005,2.61
2025-01-09 08:00:00,B005,5.79
2025-01-09 09:00:00,B005,9.29
2025-01-09 10:00:00,B005,10.74
2025-01-09 11:00:00,B005,10.73
2025-01-09 12:00:00,B005,9.98
2025-01-09 13:00:00,B005,11.84
2025-01-09 14:00:00,B005,10.78
2025-01-09 15:00:00,B005,8.93
2025-01-09 16:00:00,B005,4.78
2025-01-09 17:00:00,B005,5.14
2025-01-09 18:00:00,B005,2.32
2025-01-09 19:00:00,B005,2.6
2025-01-09 20:00:00,B005,2.6
2025-01-09 21:00:00,B005,3.64
2025-01-09 22:00:00,B005,3.65
2025-01-09 23:00:00,B005,2.71
2025-01-10 00:00:00,B005,3.9
2025-01-10 01:00:00,B005,3.38
2025-01-10 02:00:00,B005,3.08
2025-01-10 03:00:00,B005,2.98
2025-01-10 04:00:00,B005,2.84
2025-01-10 05:00:00,B005,2.5
2025-01-10 06:00:00,B005,2.44
2025-01-10 07:00:00,B005,3.1
2025-01-10 08:00:00,B005,5.12
2025-01-10 09:00:00,B005,9.6
2025-01-10 10:00:00,B005,9.6
2025-01-10 11:00:00,B005,10.1
2025-01-10 12:00:00,B005,9.96
2025-01-10 13:00:00,B005,10.8
2025-01-10 14:00:00,B005,9.97
2025-01-10 15:00:00,B005,8.43
2025-01-10 16:00:00,B005,5.19
2025-01-10 17:00:00,B005,4.96
2025-01-10 18:00:00,B005,2.6
2025-01-10 19:00:00,B005,2.9
2025-01-10 20:00:00,B005,2.69
2025-01-10 21:00:00,B005,2.36
2025-01-10 22:00:00,B005,3.35
2025-01-10 23:00:00,B005,3.31
2025-01-11 00:00:00,B005,4.13
2025-01-11 01:00:00,B005,3.16
2025-01-11 02:00:00,B005,3.96
2025-01-11 03:00:00,B005,3.9
2025-01-11 04:00:00,B005,2.73
2025-01-11 05:00:00,B005,2.35
2025-01-11 06:00:00,B005,2.32
2025-01-11 07:00:00,B005,2.61
2025-01-11 08:00:00,B005,3.25
2025-01-11 09:00:00,B005,3.28
2025-01-11 10:00:00,B005,3.09
2025-01-11 11:00:00,B005,3.59
2025-01-11 12:00:00,B005,3.76
2025-01-11 13:00:00,B005,3.45
2025-01-11 14:00:00,B005,3.36
2025-01-11 15:00:00,B005,2.82
2025-01-11 16:00:00,B005,2.63
2025-01-11 17:00:00,B005,2.5
2025-01-11 18:00:00,B005,2.81
2025-01-11 19:00:00,B005,2.93
2025-01-11 20:00:00,B005,2.99
2025-01-11 21:00:00,B005,3.1
2025-01-11 22:00:00,B005,3.32
2025-01-11 23:00:00,B005,3.7
2025-01-12 00:00:00,B005,3.53
2025-01-12 01:00:00,B005,3.04
2025-01-12 02:00:00,B005,3.22
2025-01-12 03:00:00,B005,3.07
2025-01-12 04:00:00,B005,2.93
2025-01-12 05:00:00,B005,2.49
2025-01-12 06:00:00,B005,2.59
2025-01-12 07:00:00,B005,2.42
2025-01-12 08:00:00,B005,2.65
2025-01-12 09:00:00,B005,3.2
2025-01-12 10:00:00,B005,3.2
2025-01-12 11:00:00,B005,3.51
2025-01-12 12:00:00,B005,3.1
2025-01-12 13:00:00,B005,3.2
2025-01-12 14:00:00,B005,3.8
2025-01-12 15:00:00,B005,3.31
2025-01-12 16:00:00,B005,3.04
2025-01-12 17:00:00,B005,2.61
2025-01-12 18:00:00,B005,2.8
2025-01-12 19:00:00,B005,2.52
2025-01-12 20:00:00,B005,3.35
2025-01-12 21:00:00,B005,3.17
2025-01-12 22:00:00,B005,3.66
2025-01-12 23:00:00,B005,3.71
2025-01-13 00:00:00,B005,3.73
2025-01-13 01:00:00,B005,3.3
2025-01-13 02:00:00,B005,3.21
2025-01-13 03:00:00,B005,2.81
2025-01-13 04:00:00,B005,2.98
2025-01-13 05:00:00,B005,2.52
2025-01-13 06:00:00,B005,2.28
2025-01-13 07:00:00,B005,2.71
2025-01-13 08:00:00,B005,5.08
2025-01-13 09:00:00,B005,9.5
2025-01-13 10:00:00,B005,9.84
2025-01-13 11:00:00,B005,11.9
2025-01-13 12:00:00,B005,9.13
2025-01-13 13:00:00,B005,8.67
2025-01-13 14:00:00,B005,8.85
2025-01-13 15:00:00,B005,8.73
2025-01-13 16:00:00,B005,6.46
2025-01-13 17:00:00,B005,5.0
2025-01-13 18:00:00,B005,2.58
2025-01-13 19:00:00,B005,2.98
2025-01-13 20:00:00,B005,2.88
2025-01-13 21:00:00,B005,3.29
2025-01-13 22:00:00,B005,3.21
2025-01-13 23:00:00,B005,3.45
2025-01-14 00:00:00,B005,3.32
2025-01-14 01:00:00,B005,3.29
2025-01-14 02:00:00,B005,2.98
2025-01-14 03:00:00,B005,2.75
2025-01-14 04:00:00,B005,2.89
2025-01-14 05:00:00,B005,2.78
2025-01-14 06:00:00,B005,2.56
2025-01-14 07:00:00,B005,2.84
2025-01-14 08:00:00,B005,5.03
2025-01-14 09:00:00,B005,10.28
2025-01-14 10:00:00,B005,10.61
2025-01-14 11:00:00,B005,9.68
2025-01-14 12:00:00,B005,8.93
2025-01-14 13:00:00,B005,9.74
2025-01-14 14:00:00,B005,11.29
2025-01-14 15:00:00,B005,9.62
2025-01-14 16:00:00,B005,4.39
2025-01-14 17:00:00,B005,5.1
2025-01-14 18:00:00,B005,2.53
2025-01-14 19:00:00,B005,2.78
2025-01-14 20:00:00,B005,3.14
2025-01-14 21:00:00,B005,2.93
2025-01-14 22:00:00,B005,3.39
2025-01-14 23:00:00,B005,2.83
2025-01-15 00:00:00,B005,4.37
2025-01-15 01:00:00,B005,3.31
2025-01-15 02:00:00,B005,2.98
2025-01-15 03:00:00,B005,3.24
2025-01-15 04:00:00,B005,2.79
2025-01-15 05:00:00,B005,2.5
2025-01-15 06:00:00,B005,2.23
2025-01-15 07:00:00,B005,2.54
2025-01-15 08:00:00,B005,6.43
2025-01-15 09:00:00,B005,8.56
2025-01-15 10:00:00,B005,9.92
2025-01-15 11:00:00,B005,9.24
2025-01-15 12:00:00,B005,9.05
2025-01-15 13:00:00,B005,9.11
2025-01-15 14:00:00,B005,9.61
2025-01-15 15:00:00,B005,8.38
2025-01-15 16:00:00,B005,5.86
2025-01-15 17:00:00,B005,5.91
2025-01-15 18:00:00,B005,2.79
2025-01-15 19:00:00,B005,2.41
2025-01-15 20:00:00,B005,3.16
2025-01-15 21:00:00,B005,3.14
2025-01-15 22:00:00,B005,3.32
2025-01-15 23:00:00,B005,3.21
2025-01-16 00:00:00,B005,3.29
2025-01-16 01:00:00,B005,3.33
2025-01-16 02:00:00,B005,3.34
2025-01-16 03:00:00,B005,3.49
2025-01-16 04:00:00,B005,3.21
2025-01-16 05:00:00,B005,2.79
2025-01-16 06:00:00,B005,2.34
2025-01-16 07:00:00,B005,2.83
2025-01-16 08:00:00,B005,4.63
2025-01-16 09:00:00,B005,9.15
2025-01-16 10:00:00,B005,8.48
2025-01-16 11:00:00,B005,9.93
2025-01-16 12:00:00,B005,11.87
2025-01-16 13:00:00,B005,10.85
2025-01-16 14:00:00,B005,11.05
2025-01-16 15:00:00,B005,9.99
2025-01-16 16:00:00,B005,5.61
2025-01-16 17:00:00,B005,5.34
2025-01-16 18:00:00,B005,2.95
2025-01-16 19:00:00,B005,2.35
2025-01-16 20:00:00,B005,2.7
2025-01-16 21:00:00,B005,2.94
2025-01-16 22:00:00,B005,3.13
2025-01-16 23:00:00,B005,3.55
2025-01-17 00:00:00,B005,3.59
2025-01-17 01:00:00,B005,3.57
2025-01-17 02:00:00,B005,2.99
2025-01-17 03:00:00,B005,3.2
2025-01-17 04:00:00,B005,3.1
2025-01-17 05:00:00,B005,2.34
2025-01-17 06:00:00,B005,2.76
2025-01-17 07:00:00,B005,2.25
2025-01-17 08:00:00,B005,6.14
2025-01-17 09:00:00,B005,8.77
2025-01-17 10:00:00,B005,9.76
2025-01-17 11:00:00,B005,12.05
2025-01-17 12:00:00,B005,11.9
2025-01-17 13:00:00,B005,11.54
2025-01-17 14:00:00,B005,8.91
2025-01-17 15:00:00,B005,8.95
2025-01-17 16:00:00,B005,6.41
2025-01-17 17:00:00,B005,6.24
2025-01-17 18:00:00,B005,2.45
2025-01-17 19:00:00,B005,2.56
2025-01-17 20:00:00,B005,2.9
2025-01-17 21:00:00,B005,3.19
2025-01-17 22:00:00,B005,3.4
2025-01-17 23:00:00,B005,3.1
2025-01-18 00:00:00,B005,3.73
2025-01-18 01:00:00,B005,3.2
2025-01-18 02:00:00,B005,3.27
2025-01-18 03:00:00,B005,3.26
2025-01-18 04:00:00,B005,3.09
2025-01-18 05:00:00,B005,2.34
2025-01-18 06:00:00,B005,2.36
2025-01-18 07:00:00,B005,2.6
2025-01-18 08:00:00,B005,2.46
2025-01-18 09:00:00,B005,3.75
2025-01-18 10:00:00,B005,3.24
2025-01-18 11:00:00,B005,3.53
2025-01-18 12:00:00,B005,3.67
2025-01-18 13:00:00,B005,3.48
2025-01-18 14:00:00,B005,3.11
2025-01-18 15:00:00,B005,2.9
2025-01-18 16:00:00,B005,3.08
2025-01-18 17:00:00,B005,3.25
2025-01-18 18:00:00,B005,2.66
2025-01-18 19:00:00,B005,2.72
2025-01-18 20:00:00,B005,2.72
2025-01-18 21:00:00,B005,3.55
2025-01-18 22:00:00,B005,3.57
2025-01-18 23:00:00,B005,3.15
2025-01-19 00:00:00,B005,3.41
2025-01-19 01:00:00,B005,3.33
2025-01-19 02:00:00,B005,2.87
2025-01-19 03:00:00,B005,2.75
2025-01-19 04:00:00,B005,3.24
2025-01-19 05:00:00,B005,2.41
2025-01-19 06:00:00,B005,2.55
2025-01-19 07:00:00,B005,2.74
2025-01-19 08:00:00,B005,2.95
2025-01-19 09:00:00,B005,3.29
2025-01-19 10:00:00,B005,3.13
2025-01-19 11:00:00,B005,3.96
2025-01-19 12:00:00,B005,3.56
2025-01-19 13:00:00,B005,3.56
2025-01-19 14:00:00,B005,2.98
2025-01-19 15:00:00,B005,2.7
2025-01-19 16:00:00,B005,2.57
2025-01-19 17:00:00,B005,2.9
2025-01-19 18:00:00,B005,2.25
2025-01-19 19:00:00,B005,2.33
2025-01-19 20:00:00,B005,2.32
2025-01-19 21:00:00,B005,3.25
2025-01-19 22:00:00,B005,3.53
2025-01-19 23:00:00,B005,3.12
2025-01-20 00:00:00,B005,3.45
2025-01-20 01:00:00,B005,3.48
2025-01-20 02:00:00,B005,3.82
2025-01-20 03:00:00,B005,2.83
2025-01-20 04:00:00,B005,3.07
2025-01-20 05:00:00,B005,2.41
2025-01-20 06:00:00,B005,2.44
2025-01-20 07:00:00,B005,2.9
2025-01-20 08:00:00,B005,5.17
2025-01-20 09:00:00,B005,8.45
2025-01-20 10:00:00,B005,11.39
2025-01-20 11:00:00,B005,8.77
2025-01-20 12:00:00,B005,12.07
2025-01-20 13:00:00,B005,10.43
2025-01-20 14:00:00,B005,9.73
2025-01-20 15:00:00,B005,11.28
2025-01-20 16:00:00,B005,6.37
2025-01-20 17:00:00,B005,6.16
2025-01-20 18:00:00,B005,2.61
2025-01-20 19:00:00,B005,2.72
2025-01-20 20:00:00,B005,2.96
2025-01-20 21:00:00,B005,2.87
2025-01-20 22:00:00,B005,2.79
2025-01-20 23:00:00,B005,3.42
2025-01-21 00:00:00,B005,3.5
2025-01-21 01:00:00,B005,3.52
2025-01-21 02:00:00,B005,3.16
2025-01-21 03:00:00,B005,3.35
2025-01-21 04:00:00,B005,2.97
2025-01-21 05:00:00,B005,2.74
2025-01-21 06:00:00,B005,2.22
2025-01-21 07:00:00,B005,2.67
2025-01-21 08:00:00,B005,7.0
2025-01-21 09:00:00,B005,9.35
2025-01-21 10:00:00,B005,8.9
2025-01-21 11:00:00,B005,10.26
2025-01-21 12:00:00,B005,10.17
2025-01-21 13:00:00,B005,10.09
2025-01-21 14:00:00,B005,10.73
2025-01-21 15:00:00,B005,8.27
2025-01-21 16:00:00,B005,5.82
2025-01-21 17:00:00,B005,5.19
2025-01-21 18:00:00,B005,2.35
2025-01-21 19:00:00,B005,3.13
2025-01-21 20:00:00,B005,3.42
2025-01-21 21:00:00,B005,3.13
2025-01-21 22:00:00,B005,3.5
2025-01-21 23:00:00,B005,3.52
2025-01-22 00:00:00,B005,3.53
2025-01-22 01:00:00,B005,3.16
2025-01-22 02:00:00,B005,4.32
2025-01-22 03:00:00,B005,2.56
2025-01-22 04:00:00,B005,2.64
2025-01-22 05:00:00,B005,2.65
2025-01-22 06:00:00,B005,2.62
2025-01-22 07:00:00,B005,2.5
2025-01-22 08:00:00,B005,6.67
2025-01-22 09:00:00,B005,9.71
2025-01-22 10:00:00,B005,9.36
2025-01-22 11:00:00,B005,9.78
2025-01-22 12:00:00,B005,9.04
2025-01-22 13:00:00,B005,10.01
2025-01-22 14:00:00,B005,9.73
2025-01-22 15:00:00,B005,9.0
2025-01-22 16:00:00,B005,5.36
2025-01-22 17:00:00,B005,5.82
2025-01-22 18:00:00,B005,2.82
2025-01-22 19:00:00,B005,2.64
2025-01-22 20:00:00,B005,2.75
2025-01-22 21:00:00,B005,3.3
2025-01-22 22:00:00,B005,3.42
2025-01-22 23:00:00,B005,3.27
2025-01-23 00:00:00,B005,3.46
2025-01-23 01:00:00,B005,3.45
2025-01-23 02:00:00,B005,3.43
2025-01-23 03:00:00,B005,3.16
2025-01-23 04:00:00,B005,3.29
2025-01-23 05:00:00,B005,2.46
2025-01-23 06:00:00,B005,2.26
2025-01-23 07:00:00,B005,3.27
2025-01-23 08:00:00,B005,6.78
2025-01-23 09:00:00,B005,10.84
2025-01-23 10:00:00,B005,9.95
2025-01-23 11:00:00,B005,11.73
2025-01-23 12:00:00,B005,11.59
2025-01-23 13:00:00,B005,8.94
2025-01-23 14:00:00,B005,10.13
2025-01-23 15:00:00,B005,9.47
2025-01-23 16:00:00,B005,5.34
2025-01-23 17:00:00,B005,5.07
2025-01-23 18:00:00,B005,2.21
2025-01-23 19:00:00,B005,2.76
2025-01-23 20:00:00,B005,2.96
2025-01-23 21:00:00,B005,2.82
2025-01-23 22:00:00,B005,3.76
2025-01-23 23:00:00,B005,3.36
2025-01-24 00:00:00,B005,3.53
2025-01-24 01:00:00,B005,3.83
2025-01-24 02:00:00,B005,3.48
2025-01-24 03:00:00,B005,2.87
2025-01-24 04:00:00,B005,3.12
2025-01-24 05:00:00,B005,2.95
2025-01-24 06:00:00,B005,2.61
2025-01-24 07:00:00,B005,2.89
2025-01-24 08:00:00,B005,5.9
2025-01-24 09:00:00,B005,8.93
2025-01-24 10:00:00,B005,8.36
2025-01-24 11:00:00,B005,10.63
2025-01-24 12:00:00,B005,8.53
2025-01-24 13:00:00,B005,11.96
2025-01-24 14:00:00,B005,9.12
2025-01-24 15:00:00,B005,8.82
2025-01-24 16:00:00,B005,5.69
2025-01-24 17:00:00,B005,4.84
2025-01-24 18:00:00,B005,2.49
2025-01-24 19:00:00,B005,2.91
2025-01-24 20:00:00,B005,3.1
2025-01-24 21:00:00,B005,3.15
2025-01-24 22:00:00,B005,3.5
2025-01-24 23:00:00,B005,3.11
2025-01-25 00:00:00,B005,3.09
2025-01-25 01:00:00,B005,3.36
2025-01-25 02:00:00,B005,3.63
2025-01-25 03:00:00,B005,3.34
2025-01-25 04:00:00,B005,2.57
2025-01-25 05:00:00,B005,2.34
2025-01-25 06:00:00,B005,2.5
2025-01-25 07:00:00,B005,3.0
2025-01-25 08:00:00,B005,2.81
2025-01-25 09:00:00,B005,3.23
2025-01-25 10:00:00,B005,3.0
2025-01-25 11:00:00,B005,3.18
2025-01-25 12:00:00,B005,3.66
2025-01-25 13:00:00,B005,3.37
2025-01-25 14:00:00,B005,3.38
2025-01-25 15:00:00,B005,3.16
2025-01-25 16:00:00,B005,2.9
2025-01-25 17:00:00,B005,2.43
2025-01-25 18:00:00,B005,2.38
2025-01-25 19:00:00,B005,2.55
2025-01-25 20:00:00,B005,2.65
2025-01-25 21:00:00,B005,3.29
2025-01-25 22:00:00,B005,2.96
2025-01-25 23:00:00,B005,3.73
2025-01-26 00:00:00,B005,3.0
2025-01-26 01:00:00,B005,3.68
2025-01-26 02:00:00,B005,3.28
2025-01-26 03:00:00,B005,3.24
2025-01-26 04:00:00,B005,2.69
2025-01-26 05:00:00,B005,2.87
2025-01-26 06:00:00,B005,2.23
2025-01-26 07:00:00,B005,2.53
2025-01-26 08:00:00,B005,3.11
2025-01-26 09:00:00,B005,3.23
2025-01-26 10:00:00,B005,3.24
2025-01-26 11:00:00,B005,3.35
2025-01-26 12:00:00,B005,3.85
2025-01-26 13:00:00,B005,2.85
2025-01-26 14:00:00,B005,3.28
2025-01-26 15:00:00,B005,2.58
2025-01-26 16:00:00,B005,3.27
2025-01-26 17:00:00,B005,2.13
2025-01-26 18:00:00,B005,3.02
2025-01-26 19:00:00,B005,2.56
2025-01-26 20:00:00,B005,2.75
2025-01-26 21:00:00,B005,3.09
2025-01-26 22:00:00,B005,2.89
2025-01-26 23:00:00,B005,3.22
2025-01-27 00:00:00,B005,3.24
2025-01-27 01:00:00,B005,2.89
2025-01-27 02:00:00,B005,3.29
2025-01-27 03:00:00,B005,3.27
2025-01-27 04:00:00,B005,2.85
2025-01-27 05:00:00,B005,2.57
2025-01-27 06:00:00,B005,2.65
2025-01-27 07:00:00,B005,2.25
2025-01-27 08:00:00,B005,6.0
2025-01-27 09:00:00,B005,8.96
2025-01-27 10:00:00,B005,9.6
2025-01-27 11:00:00,B005,11.5
2025-01-27 12:00:00,B005,11.25
2025-01-27 13:00:00,B005,9.93
2025-01-27 14:00:00,B005,9.98
2025-01-27 15:00:00,B005,11.32
2025-01-27 16:00:00,B005,5.4
2025-01-27 17:00:00,B005,4.52
2025-01-27 18:00:00,B005,2.65
2025-01-27 19:00:00,B005,2.72
2025-01-27 20:00:00,B005,3.01
2025-01-27 21:00:00,B005,3.06
2025-01-27 22:00:00,B005,3.02
2025-01-27 23:00:00,B005,3.16
2025-01-28 00:00:00,B005,3.4
2025-01-28 01:00:00,B005,3.28
2025-01-28 02:00:00,B005,3.01
2025-01-28 03:00:00,B005,3.15
2025-01-28 04:00:00,B005,2.82
2025-01-28 05:00:00,B005,2.46
2025-01-28 06:00:00,B005,2.83
2025-01-28 07:00:00,B005,2.48
2025-01-28 08:00:00,B005,4.59
2025-01-28 09:00:00,B005,9.43
2025-01-28 10:00:00,B005,9.06
2025-01-28 11:00:00,B005,10.81
2025-01-28 12:00:00,B005,8.96
2025-01-28 13:00:00,B005,10.48
2025-01-28 14:00:00,B005,10.15
2025-01-28 15:00:00,B005,9.1
2025-01-28 16:00:00,B005,5.52
2025-01-28 17:00:00,B005,5.02
2025-01-28 18:00:00,B005,2.7
2025-01-28 19:00:00,B005,2.62
2025-01-28 20:00:00,B005,2.88
2025-01-28 21:00:00,B005,3.17
2025-01-28 22:00:00,B005,3.02
2025-01-28 23:00:00,B005,3.5
2025-01-29 00:00:00,B005,3.18
2025-01-29 01:00:00,B005,3.71
2025-01-29 02:00:00,B005,3.51
2025-01-29 03:00:00,B005,3.65
2025-01-29 04:00:00,B005,3.09
2025-01-29 05:00:00,B005,2.73
2025-01-29 06:00:00,B005,2.43
2025-01-29 07:00:00,B005,2.23
2025-01-29 08:00:00,B005,5.72
2025-01-29 09:00:00,B005,11.15
2025-01-29 10:00:00,B005,11.01
2025-01-29 11:00:00,B005,9.82
2025-01-29 12:00:00,B005,9.75
2025-01-29 13:00:00,B005,9.64
2025-01-29 14:00:00,B005,8.75
2025-01-29 15:00:00,B005,9.45
2025-01-29 16:00:00,B005,5.1
2025-01-29 17:00:00,B005,5.96
2025-01-29 18:00:00,B005,2.84
2025-01-29 19:00:00,B005,2.29
2025-01-29 20:00:00,B005,2.98
2025-01-29 21:00:00,B005,2.86
2025-01-29 22:00:00,B005,3.8
2025-01-29 23:00:00,B005,3.59
2025-01-30 00:00:00,B005,3.25
2025-01-30 01:00:00,B005,3.36
2025-01-30 02:00:00,B005,3.1
2025-01-30 03:00:00,B005,3.1
2025-01-30 04:00:00,B005,3.17
2025-01-30 05:00:00,B005,2.4
2025-01-30 06:00:00,B005,2.2
2025-01-30 07:00:00,B005,2.96
2025-01-30 08:00:00,B005,5.4
2025-01-30 09:00:00,B005,8.49
2025-01-30 10:00:00,B005,10.0
2025-01-30 11:00:00,B005,10.97
2025-01-30 12:00:00,B005,10.29
2025-01-30 13:00:00,B005,11.34
2025-01-30 14:00:00,B005,10.64
2025-01-30 15:00:00,B005,9.79
2025-01-30 16:00:00,B005,5.82
2025-01-30 17:00:00,B005,4.65
2025-01-30 18:00:00,B005,2.28
2025-01-30 19:00:00,B005,2.59
2025-01-30 20:00:00,B005,3.35
2025-01-30 21:00:00,B005,3.34
2025-01-30 22:00:00,B005,3.32
2025-01-30 23:00:00,B005,3.13
2025-01-31 00:00:00,B005,3.66
2025-01-31 01:00:00,B005,3.4
2025-01-31 02:00:00,B005,3.03
2025-01-31 03:00:00,B005,2.6
2025-01-31 04:00:00,B005,2.83
2025-01-31 05:00:00,B005,2.77
2025-01-31 06:00:00,B005,2.39
2025-01-31 07:00:00,B005,2.3
2025-01-31 08:00:00,B005,6.15
2025-01-31 09:00:00,B005,9.14
2025-01-31 10:00:00,B005,10.36
2025-01-31 11:00:00,B005,9.75
2025-01-31 12:00:00,B005,10.81
2025-01-31 13:00:00,B005,11.03
2025-01-31 14:00:00,B005,12.2
2025-01-31 15:00:00,B005,10.04
2025-01-31 16:00:00,B005,6.22
2025-01-31 17:00:00,B005,4.82
2025-01-31 18:00:00,B005,2.53
2025-01-31 19:00:00,B005,2.46
2025-01-31 20:00:00,B005,2.83
2025-01-31 21:00:00,B005,3.06
2025-01-31 22:00:00,B005,3.32
2025-01-31 23:00:00,B005,3.27
